artist,track,spotify_url
Lomepal,Trop beau,4WB9OeauHXnGOMUK4s80gM
Dadju,Jaloux,4z1gMvWV2ofN66kDuieHMq
Lady Gaga,Shallow,2VxeLyX666F8uXCJ0dZF8B
DJ Snake,"Taki Taki (feat. Selena Gomez, Ozuna & Cardi B)",0KoiMHhqKLoL4xM54rcWYY
Orelsan,Rêves bizarres (feat. Damso),7lhuM9WUqdThw72dCBRmQW
Aya Nakamura,Copines,1Bhm5HNO1cq8olDbBmokyL
Jul,Ma che beauté,0XXooKwo0L6gxn0OxZFDXw
Trois Cafés Gourmands,À nos souvenirs,3LgrzjwX7RVTtAX9Ai12Qm
Lomepal,Mômes,2FRnrkO72S9tbqu6eLjq6b
Lomepal,Ne me ramène pas,0XzLCD3Gnk7G6U72PnOWfr
Ariana Grande,"thank u, next",3e9HZxeyfWwjeyPAMmWSSQ
Lomepal,Plus de larmes,2MknoFgWs0xJshIAGfGgf1
Lomepal,Évidemment,43yYuYeSOOupBHOkH9pRtF
Vegedream,Ramenez la coupe à la maison,45eY7Qi2PDUs8WJEhjGWdN
Aya Nakamura,La dot,3aRgAfrt6aQW8IimLq2aVG
Lomepal,Beau la folie,5Dj45c1qB3tCmevdPqvD4f
Aya Nakamura,Sucette (feat. Niska),3qHs2PoiJMPvdxgyRSvqAl
Bad Bunny,MIA (feat. Drake),3Ueq2zboxwAbsvHrOjdEqz
Lomepal,Le vrai moi,7E7HEM4y50AACKV8BaT7OI
Booba,Petite fille,68t93W7Mdwlvia5CpHNsBM
The Prince Karma,Later Bitches,2UqYHXtJ0qLzd3fajJ7HSb
Aya Nakamura,Djadja,7sKDftgGirHWTVFMtJoDoh
Calvin Harris,Promises (with Sam Smith) - Illyus & Barrientos Remix,43P4CvRCS6HmVERmYfM8ma
Lomepal,Le lendemain de l'orage,6sG00oroR1oYJiPwRxZkA5
Queen,Bohemian Rhapsody - Remastered 2011,7tFiyTwD0nx5a1eklYtX2J
Redbone,Come and Get Your Love - Single Version,7GVUmCP00eSsqc4tzj1sDD
Maes,Billets verts,3uTNli5uz5rNOqD6qZFi8L
LSD,"Thunderclouds (feat. Sia, Diplo & Labrinth)",7nLK5rjEy6LPZNPG1BXxu7
Lomepal,Dave Grohl,4FUiJJPW0bvjXVqFuTonSz
Angèle,Ta reine,3iXhLi33EpUfcOwasC8un1
Aya Nakamura,Oula,3yKHE0h9BUxpHZe1EqmJnX
XXXTENTACION,Moonlight,0JP9xo3adEtGSdUEISiszL
Lomepal,Ma cousin,5hLsl4Izx2zxnqHradLPNt
Booba,BB,0YCMh9HQkRpAtkj0i1sZqH
Kaaris,Débrouillard,5hYfXfLP8FL3v0zJlv2zUG
Imagine Dragons,Natural,2FY7b99s15jUprqC0M5NCT
Maroon 5,Girls Like You (feat. Cardi B) - Cardi B Version,6V1bu6o1Yo5ZXnsCJU8Ovk
Angèle,Balance ton quoi,2jX5c5RFp0A9E1GDsvGxIa
Tones And I,Dance Monkey,2XU0oxnq2qxCpomAAuJY8K
Aya Nakamura,40%,47LFcy7prvEY5D08d26zOo
The Weeknd,Blinding Lights,0VjIjW4GlUZAMYd2vXMi3b
Gambi,POPOPOP,5f0TOjFP3c96TFHzKnx5ri
SCH,Mayday (feat. Ninho),1SVuEeerYIwjCRsF5MGzX3
Angèle,Oui ou non,7rBP4bLjMLNkix1nGHjheP
Naza,Loin de moi,2wQt5updiOTtTLe25QlW5O
47ter,Côte Ouest,2amrInRmNzmt4Etb6Yn1er
Maroon 5,Memories,4cktbXiXOapiLBMprHFErI
Gambi,HÉ OH,1bWafkUCOp6luXRs1cm3w9
Mariah Carey,All I Want for Christmas Is You,0bYg9bo50gSsH3LtXe2SQn
Dadju,Ma vie,04c9W375VlrbMF7P03CyWA
Regard,Ride It,2tnVG71enUj33Ic2nFN6kZ
Vitaa,Avant toi,5vO9qRqUI33TkbHK3IKTgo
Dadju,Compliqué,6VtG4p0It4nM0aStU46hEl
Major Lazer,Que Calor (feat. J Balvin & El Alfa),1RKZvaLj3UPhGjZkaIrFm7
Ninho,La vie qu'on mène,0Jh6iWjna1wk5le0Ahn7No
Niska,Bâtiment,7FF6HRsQlc0CtfAbLmrEGX
Arizona Zervas,ROXANNE,696DnlkuDOXcMAnKlTgXXK
SCH,R.A.C.,0GN6DWiR9Pf2su3vJF5c0x
Lil Nas X,Old Town Road - Remix,2YpeDb67231RjR0MgVLzsG
Shawn Mendes,Señorita,4gtPgpFnIuQaTKMDqZmtaP
SHAED,Trampoline (with ZAYN),2ez6qvOTHKeI3ss80NGqnI
Bakermat,Baianá,3q9oTSo64CrjOiPwI4DbWE
SAINt JHN,Roses - Imanbek Remix,0zLCBJZSiELJf02ucPP9wb
Jorja Smith,Be Honest (feat. Burna Boy),5pAbCxt9e3f81lOmjIXwzd
Moha La Squale,Ma belle,3Aq1SJ1hWlfazx8IIC6u1D
Jul,Mon bébé d'amour,6ONBway3VLMdg9tQMZixT7
Maes,Street,7x3kHHEczVkeuuFkUKjUv7
SCH,Ça ira,47yhjEwyOgNPPLHLL8OGLV
Koba LaD,Mortel,1R08aR16OkyUIEISNPj8vA
Djadja & Dinaz,Un million par mois,5JVf4pCn50ePuE6ZoF5oEg
Billie Eilish,bad guy,2Fxmhks0bxGSBdJ92vM42m
Dua Lipa,Don’t Start Now,25rESk2TK1HjkmCdwwTUEV
Ninho,Maman ne le sait pas (feat. Niska),5c2HadbVTsMKjja4gohEFI
Aya Nakamura,Pookie,2QpUWi6VSNOt2WyH5FIeLD
Billie Eilish,everything i wanted,3ZCTVFBt2Brf31RLEnCkWJ
Angèle,Balance ton quoi,2jX5c5RFp0A9E1GDsvGxIa
Maes,Liquide rouge,55zn5ujMpCkJWd2exRvs5r
Gradur,Rari,24UpsIBzHloZfiimVLUUFx
M. Pokora,Tombé,3EiDyqPIjDDo6F8RS5Lj4t
Ninho,Lettre à une femme,10rwyGbKAWZ8JZbL7uHl28
Drake,Toosie Slide,127QTOFJsJQp5LbJbu3A1y
KAROL G,Tusa,2mO4k8MsLK2nwkk6vanSye
Jul,Sousou,3dyoo6UNb2VlMTISBqrDb1
Hatik,Angela,6ab3CQvDlAVttThZucwGQ1
Leto,Train de vie (feat. PLK),2VXeQ7moo4zfT6EFO3Cwse
Christophe,Les mots bleus,2g0iE5qCFBlT86XalEsfKf
Roddy Ricch,The Box,0nbXyq5TXYPCO7pr3N8S4I
Hatik,Prison pour mineurs,4VW2dYyax9XGl5qPwAtRSf
Lorenzo,Je vous déteste tous,7gXKk9AN9WNlMNlNx1hD0y
Leto,Double binks (feat. Ninho & Zed),23ZFRQWEvlK8AVN6ZQ5INr
YL,Vaillante,0vUCn7o1ZK4CRtngYRZwPL
Surf Mesa,ily (i love you baby) (feat. Emilee),62aP9fBQKYKxi7PDXwcUAS
DA Uzi,Crois-moi (feat. Ninho),69I4Eynuxdj6LEmpvG56u6
Nea,Some Say - Felix Jaehn Remix,7C1trmcQQ5n5RNy4l6ziCv
Ninho,Zipette,08R1tpj13j095ATHZKWo19
Doja Cat,Say So,3Dv1eDb0MEgF93GpLXlucZ
Powfu,death bed (feat. beabadoobee & blink-182) - bonus remix,607PGYIaTaTyAKQtmPpUom
4Keus,MD (feat. Niska),4OUTQBwLBaTIUcgdI5PPt7
Christophe,Aline,7Jqh8o6yV7EeFokJX5gQsa
Surfaces,Sunday Best,1qYKWcEOrh2tM8PlgIm8K1
Trevor Daniel,Falling,0Aqi7ArnBrGblW5T6p2jmD
Ava Max,Salt,5iyZwawawLjHYpX4MxUKVF
Dua Lipa,Physical,3AzjcOeAmA57TIOr9zF1ZW
Ninho,Promo (feat. Damso),3hn5LCIZURvdrBikNaFkJV
Doja Cat,Boss Bitch,78qd8dvwea0Gosb6Fe6j3k
Soprano,Ninja,2imLYhuE0rBYnSrhXDOaRX
Soso Maness,So Maness,5kQ5tKaEs3RHlaLqwjagly
DripReport,Skechers,2alc8VZAzDgdAsL2QMk3hu
Miley Cyrus,Flowers,7DSAEUvxU8FajXtRloy8M0
Hamza,Nocif,4BZZTXcd5ROagKhynqj61X
Werenoi,Ciao,0ma3NlsPqinnkehSwvXtSd
Tayc,Room 69,3dl81ypaK6k0y0RCszBKS4
GAULOIS,Jolie (feat. Ninho),16FTTvpIgihyei3EBNw1jd
Werenoi,Escorte,4cj9dhfsdN71e2gBgCP8Ho
Aya Nakamura,Baby,3xrZCGMyXIDqesVz4QwJOL
Maes,La Pègre,4wZLuEJNzXR0gnVR5gA7Yy
Werenoi,Tout seul,1EN9pjOtIMBpJzpYKZFmAV
RK,Lola,43vjYTKZg8R5LsuITJ4wVu
Louane,Secret,7dISpxgINJOQSuXUTEfB9x
Maes,Velar,2MGSHTuIsRqGmYqjswWiBB
Zola,AMBER,5UPpgOKi0UQMMMSzWWgJJe
Rema,Calm Down (with Selena Gomez),0WtM2NBVQNNJLh6scP13H8
Metro Boomin,Creepin' (with The Weeknd & 21 Savage),2dHHgzDwk4BJdRwy9uXhTO
Werenoi,Laboratoire,24JrEVHDfohup0ypuOV7os
Werenoi,10.03.2023,2hfeuQkhID6cCWloWe6ugO
Maes,Fetty Wap,4eCQd00uuhXtzgYRS4qW5C
Måneskin,THE LONELIEST,1Ame8XTX6QHY0l0ahqUhgv
Maes,Galactic,6t5eToKchEStEhi3TiM2aD
Vacra,Tiki Taka,6pIciAIov7TP5Zj4PTN9rc
Werenoi,Figaro,3Xi7WozdjzIWgwhKxbYFzO
Werenoi,Grisaille,7JBtwQ2CFFdr6sWMVcn483
David Guetta,I’m Good (Blue),6HtqNA3x84AKA1sjMHxAA5
Maes,B22,19f3WsiGZq0nG0bboLa7th
SDM,Bolide allemand,0EzNyXyU7gHzj2TN8qYThj
Werenoi,Intro Rolex,2KFl9xoYffOYuIdVtgr4Sm
Werenoi,Maison hantée,3JcY9Wcv0B2aaxL0E1EyQE
Maes,Malembé,0dAdLqKqFPmOzkPiTA4V2K
Werenoi,Vroum Vroum,6FmI6qPWS2dJju6WQodG7T
Hamza,Free YSL,0cFS3AMF9Lhj3CNoFvwjvY
Gazo,DIE,3D29kjUyWxsT3jUUTtARVQ
Maes,Opaque,0xiMdJVrFh8Al0dRowFu76
Landy,Maybach,1roybe6TpPG0elVCDUhPdg
Hamza,Sadio (feat. Offset),5eGid3rXirJcCoROMnTqg0
The Weeknd,Die For You,2LBqCSwhJGcFQeTHMVGwy3
Tom Odell,Another Love,3JvKfv6T31zO0ini8iNItO
Lomepal,Decrescendo,4otT81iBBpaf36roGtzT4a
Tiakola,Meuda,4wNyrbY6B2Okii8VeKo2B2
Ayra Starr,Rush,1xs8bOvm3IzEYmcLJVOc34
Djadja & Dinaz,Pas là,2gH0sY8ATBTt01imXPZJdH
SDM,Mr. Ocho,1xLCwgQcF6bKncTJmRGGws
Maes,Le Moine,3mXiiDURmE5ieq3P6os0AT
Werenoi,Virus,4HyukTxrcVTDqFg1ECzjBp
Werenoi,Nos labels c'est du papel,2RFopFdBW1r2vzEGkdlh7M
Lil Nas X,STAR WALKIN' (League of Legends Worlds Anthem),38T0tPVZHcPZyhtOcCP7pF
PLK,Décembre,5yzH31eVQS7ctEcvYIwdTk
Djadja & Dinaz,La Force Tranquille,3qqCJBsk3i4emDYMzTwNub
Rosa Linn,SNAP,76OGwb5RA9h4FxQPT33ekc
Libianca,People,26b3oVLrRUaaybJulow9kz
Maes,Frank Lucas,70IdN2Bm2IXU7xReA44AOD
Naps,La kiffance,1bwhDrXcAtqePp8mNJ0pTe
OBOY,TDB,5YoDQgB4j7oBHWXH3DcwFD
Koba LaD,Daddy chocolat,4IbDTrLxImTJfZePAX2nKB
Soso Maness,Petrouchka (feat. PLK),03y045SZqaC94yfXl1cU4E
Ed Sheeran,Bad Habits,3rmo8F54jFF8OgYsqTxm5d
Kungs,Never Going Home,6ju5Ntn5pYksvkKxVkjEPK
The Kid LAROI,STAY (with Justin Bieber),5HCyWlXZPP0y6Gqq8TgA20
Shouse,Love Tonight (David Guetta Remix Edit),2prnn41CblB8B4yWACDljP
Polo & Pan,Ani Kuni - Edit,7FOQQJNvfC7x8yO6DQBSFO
Jul,"Pic et pic, alcool et drame - Live au Vélodrome, Marseille",0dfNiZ3Z0t2PugwQTFQv14
Dadju,Mon soleil,45EsHnie8eepXXtaTgHnRT
Lil Nas X,INDUSTRY BABY (feat. Jack Harlow),27NovPIUIRrOZoCHxABJwK
Måneskin,Beggin',3Wrjm47oTz2sjIgck11l5e
Lil Nas X,MONTERO (Call Me By Your Name),1SC5rEoYDGUK4NfG82494W
The Weeknd,Save Your Tears,5QO79kh1waicV47BqGRL3g
Alonzo,La Seleçao,2vd2HEhrkafOi2uveHjzzh
Kofs,Bande organisée,205HNJ73cgpC0LAOnuQiWT
Justin Wellington,Iko Iko (My Bestie),7MC4XR9M9amdmKQr2iDF7i
No Limit,OLA OLA OLA,5zaiTkMn6VsJDJIOtxVa0b
Jul,Alors la zone,3JuVcIgT9s0uvbmuQCyClB
MHD,Afro Trap Part. 11 (King Kong),1ZSdPeVhNy8VuSiXM3pXhv
No Limit,Millions,70jyIxNr3R5k3bofVYX9GS
Dua Lipa,Levitating (feat. DaBaby),5nujrmhLynf4yMoMtj8AQF
Tayc,Le temps,6yIh43XrY4Mc5xOxeagVhp
Doja Cat,Kiss Me More (feat. SZA),3DarAbFujv6eYNliUTyqtz
Therapie TAXI,Eté 90,1p9dxTMtG4gZpLp7yzvT54
MHD,Pololo,2gmTz7pHMqAk6fpOc88qxA
Booba,Mona Lisa,5LYRIyhmlrDAQsYdHEvP0f
Kendji Girac,Bebeto,1fDFx7MpMpxNeHj0uQ4395
Clara Luciani,Le reste,73oVDoxJHbqOIkZ0C9ir31
Marwa Loud,Bimbo,77mFfoYPNX9Fj53YYT1nwk
Trinidad Cardona,Dinero,3ggtU1ZOKO8ZNiqPNyXGcm
Justin Bieber,Peaches (feat. Daniel Caesar & Giveon),4iJyoBOLtHqaGxP12qzhQI
Laylow,R9R-LINE (feat. Damso),4QoZVMhE66MDCd0igG0hd6
Gazo,HAINE&SEX,6Vcxzw4ifKqYxVrp3ckpVF
Aya Nakamura,Bobo,6wL9pSXJ4roDSEoBpYyQy7
Naps,La danse des bandits,3bGGvbwbhq9kIMhHaXBdYL
Riton,Friday (feat. Mufasa & Hypeman) - Dopamine Re-Edit,4cG7HUWYHBV6R6tHn1gxrl
Imagine Dragons,Follow You,7FdUvDkaE24o3FPIWTvzv2
Maroon 5,Beautiful Mistakes (feat. Megan Thee Stallion),5zFglKYiknIxks8geR8rcL
Leto,Mozart Capitaine Jackson (Episode 2),0uQwS44mtx629xnBcLkCvk
Dua Lipa,Fever,3F1P0QzdXtBz0MXy7KIO5w
Moha K,Vroum Vroum,1TmuaS1lnCUf7yCLk2hwDT
Joé Dwèt Filé,Jolie madame (feat. Ronisia),6gblTHN7eKFPvm4XxnYhl8
Kore,Mon poto - Extrait de la BO de « En Passant Pécho »,5qFOdxS3v8Dny9T4p2CUIy
SCH,Mode Akimbo (feat. Jul),7qezIDRM0E3WTW1lWxItug
Dua Lipa,Love Again,4rPkN1FMzQyFNP9cLUGIIB
DA Uzi,Autre part,3k0uHj27L59aqIO75Qfrwg
DA Uzi,Le dire (feat. Maes),1WxduRqYnmTCTsq0Vd4Npw
DA Uzi,Architecte,7F1UL5jpAzy7syaSA1d6Ae
Ninho,La puerta,2aq6YcaIYpHjJFz1WHyHQ6
Tones And I,Never Seen the Rain,5zLnA9bO6QXc4AAvCriJfO
Lewis Capaldi,Before You Go,2gMXnyrvIjhVBUZwvLZDMP
Ninho,Every day (feat. Griff),0LZoeKqRtI12E1LP5s4Zko
Gambi,Dans l'espace (feat. Heuss l'Enfoiré),2KAkkba3PaYFegfmYpUITv
DA Uzi,Style Haussmannien,459OkNURvD8GPrMdEEmkSW
Laylow,SPECIAL (feat. Nekfeu & Fousheé),11HLDMuPD3wh88XHw4udKO
Benab,RS4,19dD5F9Mu5DvraJr0f5eho
1PLIKÉ140,ONGBAK 2,1VOn2rRxe7JBweoK4SINHe
Ninho,Binks to Binks 6,2pIqwjENVFugPadyraJ6Xi
Lacrim,Solo,6z98rQO7KJLzFAkFflWsjf
Ava Max,Sweet but Psycho,7DnAm9FOTWE3cUvso43HhI
Kendji Girac,Tiago,63eflEIBAF5VmO5AdVuZF7
Lacrim,Jon Snow,5WdsbWV7VXCLJWzGeh6qIV
XXXTENTACION,Arms Around You (feat. Maluma & Swae Lee),2LskIZrCeLxRvCiGP8gxlh
Ofenbach,Paradise (feat. Benjamin Ingrosso),50SEeQXOJgaXPv2S0v7ded
Angèle,La thune,3iBOe7U7kRPNIoL3QLCVu2
Panic! At The Disco,High Hopes,1rqqCSm0Qe4I9rUvWncaom
Dean Lewis,Be Alright,5qrSlOut2rNAWv3ubArkNy
Ninho,Centre commercial (feat. Heuss L'enfoiré),3gciswrAk0wm7foPSYh1Ir
Ninho,Le jeu (feat. Yaro),5SF0xeGcB5S3D51wQS8h3p
Ninho,Filon,5WIWvFhxN681bGzkJm2a9G
Ninho,Gros vendeurs,7KJxMmmzeMSJaxn0sUlziB
Ninho,M.I.L.S 3,09dPdmmwqmP4JIZHVpGXtG
Ninho,En chien,3GQGnjNlmDK37mM2jxgU9v
Ninho,Mauvais Djo,5doczPGACY2kxC1pMin9jn
Ninho,Intro,2ta51fqNMzcUFhTxrNJofr
Ninho,Tu sais qu'on est gang (feat. Hös Copperfield),1fuCRk49IXlYE05W3Zmnnd
Ninho,Bali,5hQHlI9GDljIwxubV17Z5u
Ninho,Millésimes,2AngETnHS6rcjtTg9Rn7pf
Hornet La Frappe,Calumet,5gwi45eKqZMuOi8ZkvXQC9
Booba,CAVALIERO,6hluRlFf8XucT5KaELb7SF
Naps,Carré VIP,1caMoxlA0lk9jDCLCXLEoe
Timal,Ailleurs (feat. Maes),5rTFwZ5ECdJTcMtm0O8mYS
PNL,A l'ammoniaque,1gVnckXtTdCoLwtiPPqlQS
Jul,Toto et Ninetta,4DMSNaJcSirQN31BSf2BeZ
Dosseh,Habitué,76HlSm9QxyXxpks5HTYS0F
Calvin Harris,One Kiss (with Dua Lipa),7ef4DlsgrMEH11cDZd32M6
Lartiste,Mafiosa (feat. Caroliina),0WxiQqTcK3ZErx2mMWgtm6
Naestro,"Bella ciao (feat. Maître Gims, Dadju, Vitaa & Slimane)",0QK1TL8cE0oqLZ1nltAY3F
Nicky Jam,X (feat. Maluma & Ozuna) - Remix,6JjPBQfI2Y8nIjnm65X6Pw
Damso,Smog,1h1wmYG39fp6ZTgwlJ3Cv3
XXXTENTACION,SAD!,3ee8Jmje8o58CHK66QrVC2
Damso,Feu de bois,4L0Iwsk1s8cbdBcEgdm8K5
Clean Bandit,Solo (feat. Demi Lovato),6kPJZM97LwdG9QIsT7khp6
Alonzo,Santana,0G0WC5ghZRRH6LJNNXtK1W
David Guetta,Flames,33IOhptvC2Qoy2UhjiHXLV
Dennis Lloyd,Nevermind,63SevszngYpZOwf63o61K4
KeBlack,Complètemment sonné,24JRaL4pR3yEuN5heOcOOm
Cardi B,I Like It,5Tr4EdcgfwNoy7pfJElBUg
Jul,Bwo,4De1ry2yC79qVUR2So9to8
Drake,God's Plan,6DCZcSspjsKoFjzjrWoCdn
Damso,Ipséité - Bonus Track,1bWACDppxjESmjkXMl6cnI
Marshmello,FRIENDS,08bNPGLD8AhKpnnERrAc6G
Ariana Grande,no tears left to cry,2qT1uLXPVPzGgFOx4jtEuo
Cecilia Krull,My Life Is Going On - Música Original De La Serie De TV La Casa De Papel / Money Heist,5ZEQjTroORCu6uWvZrdeNc
Therapie TAXI,Hit Sale (feat. Roméo Elvis),2Cfo3glmnkma7IQH4z95eD
Ninho,Un Poco,3MVTefqbeNX5yHFOmnHy3X
Dadju,Bob Marley,2qXmVc811574AdIdDgayRP
Rudimental,"These Days (feat. Jess Glynne, Macklemore & Dan Caplen)",7mkT9kS25nUIoNkm02Ww0n
Ed Sheeran,Shape of You,7qiZfU4dY1lWllzX7mPBI3
XXXTENTACION,changes,7AFASza1mXqntmGtbxXprO
Columbine,Cache-Cache,6pbCwd97Z68YM9PUpMVyHG
Take a Mic,Clientèle,3NfbNms5l9aOftwaG5o1bn
Jul,Inspi d'ailleurs,4217wwRGc94jTdBATJGZYf
Drake,Nice For What,3CA9pLiwRIGtUBiMjbZmRw
Jain,Alright,44ahv3Zj4FOJoy8gJLZF9B
Bigflo & Oli,Demain - Bigflo & Oli X Petit Biscuit,3KfcM6hHFpjs7z9fkAlRhD
Hamza,Introduction,48doyYB1i3Yyv3B13R1rZ3
Central Cee,LET GO,3zkyus0njMCL6phZmNNEeN
ROSALÍA,DESPECHÁ,53tfEupEzQRtVFOeZvk7xq
Sam Smith,Unholy (feat. Kim Petras),3nqQXoyQOWXiESFLlDF1hG
Gazo,FLEURS (feat. Tiakola),0i9RysNKssk6syOrKDX3U2
Pierre de Maere,Un jour je marierai un ange,5klPZRehMLpiKUchPAzKyR
Favé,Urus,7A2DyRIqqelhZ4caPJMaFI
Shakira Mebarak,"Shakira: Bzrp Music Sessions, Vol. 53 - Versión de la Orquesta Sinfónica",4UcaI31icuaToYaP6MCSJJ
Rihanna,Lift Me Up - From Black Panther: Wakanda Forever - Music From and Inspired By,35ovElsgyAtQwYPYnZJECg
Beyoncé,CUFF IT,1xzi1Jcr7mEi9K2RfzLOqS
Harry Styles,As It Was,4Dvkj6JhhA12EX05fT7y2e
Oliver Tree,Miss You - Bonus Track,1ypwNj8eK2qAMDEs4EiIIX
Alonzo,TOUT VA BIEN (feat. Ninho & Naps),6OZwia8loN0aPS0vTvsBjR
Soolking,Balader,6PrB4KpvuoYWtwjPC5a44S
Jul,Namek,27axiMYaZu77nF45ogoTTy
SZA,Kill Bill,1Qrg8KqiBpW07V7PNxwwwL
Dertay,Ma Came,3x6n0IkVMIqTl7EE2j3R2g
Aime Simone,Shining Light,3PqAQRlPl0yOnqqcB6Y5Cw
RAYE,Escapism.,5mHdCZtVyb4DcJw8799hZp
Slimane,Des milliers de je t'aime,1NwjfTd5fsvRFtYGERuKzA
ZEG P,FADE UP,4ZpIuzx91EAPK3VimONbfB
mademoiselle lou,Zénith (feat. Booba),6z41QMdRgnRTAUdcQ0pxyH
Tayc,Carry Me,3vxS3k5siCY0mFfGGTx4pk
Lomepal,À peu près,4VpmtsVKIRfNlmrtaEnrQi
Damso,Coeur De Pirate,2q2tG7xR37PNyqrXqooemZ
SCH,Autobahn,03o8WSqd2K5rkGvn9IsLy2
Gazo,RAPPEL,48BdA5qBxXVoe59xvu0bwc
Ninho,Jefe,6HTJgY7iWWlVLSDHsfHePf
Tiakola,Gasolina (feat. Rsko),6kwmp0U8M1tPvgPHqvbwsr
PEDRO SAMPAIO,"DANÇARINA (feat. Nicky Jam, MC Pedrinho) - Remix",5QQKWOwPjG9vcDBTQ5Hv5Q
Djadja & Dinaz,Dans le Réseau,0X5zETsfr8nGAVABRcD4o4
OBOY,Louis V,0PuQvRclIp1bN8et2lVA4d
Hornet La Frappe,Gasolina (feat. Ninho),6CyIkPh5mRkJg7T5xXynQ8
Farruko,Pepas,5fwSHlTEWpluwOM0Sxnh5k
Bolémvn,Ça canarde,7r9KkTYiFYMuNcGR4aySxh
Doja Cat,Woman,6Uj1ctrBOjOas8xZXGqKk4
Tiakola,Étincelle - Maradona,2PZTDaakPcvII5QJJP7SDO
CKay,love nwantiti (feat. Dj Yo! & AX'EL) - Remix,4gvrJnKCKIPiacNsWVQwEU
Sasso,Elle veut,6YC6zgdJog4gw0y2IyfRmR
OBOY,Ysl,49fISKy929BYDg6Daogw17
OBOY,Cruel,1q3UKwsvTPfF44xQJYC0sg
Elton John,Cold Heart - PNAU Remix,6zSpb8dQRaw0M1dK8PBwQz
Booba,VARIANT,3g7QMyHeUYoNdFS5cOIJFY
The Weeknd,Take My Breath,2vgUijXOTRMnWXDtvgMp2b
OBOY,Cosmos,3UHp1ZNVPKAIZ3Dvjd7bvN
Kalash,Tu le sais,1frmYvoVtyFlGypiapnkrX
OBOY,Elvira,05o4kr6fEuiOglJ9Vrt7Eo
OBOY,Armada,0NOsqjim8zDnjXLYULEnqv
J Balvin,In Da Getto,7x6PJqXp7ETINhz0TgzbGb
OBOY,No blata,6x6Isl0v3CsAmbbORhewTL
Central Cee,Obsessed With You,4oxGI8yyghLuMV7ybRG3kg
Soolking,Bye Bye,5cyYphxofHgRspEKNn3UTl
Drake,Girls Want Girls (with Lil Baby),37Nqx7iavZpotJSDXZWbJ3
Booba,Arc-en-ciel,07qHCBBSRswIsfs0waYdjC
PNL,Au DD,5lCxlSBFyP5g4EhVypAoOu
Ed Sheeran & Justin Bieber,I Don't Care (with Justin Bieber),3HVWdVOQ0ZA45FuZGSfvns
Pedro Capó,Calma - Remix,5iwz1NiezX7WWjnCgY5TH4
Ninho,Goutte d'eau,0rQbvQpjQ6QeeCAnVRzokf
Ninho,Putana,5oePa8PlOTPAlRaGs2OZ3A
PNL,Deux frères,6hzi3AGB39FjxFqcjgbWs7
Lewis Capaldi,Someone You Loved,7qEHsqek33rTcFNT9PFqLf
Lady Gaga,Always Remember Us This Way,2rbDhOo9Fh61Bbu23T2qCk
Alec Benjamin,Let Me Down Slowly,2qxmye6gAegTMjLKEBoR3d
Ariana Grande,7 rings,6ocbgoVGwYJhOv1GgI9NsF
Ozuna,Baila Baila Baila - Remix,7mWFF4gPADjTQjC97CgFVt
PNL,Blanka,295SxdR1DqunCNwd0U767w
Djadja & Dinaz,Possédé,6g8Waa9vcFQP1FElldjfRr
Calvin Harris,Giant (with Rag'n'Bone Man),5itOtNx0WxtJmi1TQ3RuRd
PNL,Chang,03hV7gDsUl3vSPu6XZDMst
Ninho,À Kinshasa (feat. Fally Ipupa),7bLy8fxBMroDuV0zxwGSn6
PNL,Hasta la vista,6YHnhfw8yMCx4vZvsgem3D
Ninho,Jamais (feat. Dadju),6nIr35G9lVYMcuedV4NY2t
Trois Cafés Gourmands,À nos souvenirs,3LgrzjwX7RVTtAX9Ai12Qm
PNL,Shenmue,5yG1hATarGbs4BUJdc2ob6
Roméo Elvis,Malade,35e7ckbWgHjHI9n3oL6jnd
Ninho,Money (feat. Faouzia),1NUC8l1gq50VuHzmWRMA2G
PNL,Zoulou tchaing,1gRMO4h3NGb1ZJA7TNdMPj
Imagine Dragons,Bad Liar,2RSHsoi04658QL5xgQVov3
M. Pokora,Les planètes,71I3Tqq9fCOSceVpluOqJN
Heuss L'enfoiré,Aristocrate,7gNlaZaMIjRUfnAYd9Dvmt
Marwa Loud,Oh la folle,5fW4TKcWuk4hgasD60JyZv
PNL,Autre monde,2aG2nLUd8NNI7vFuOLBCe0
Gavin James,Always,1omCB9Mch8tYugUptnJ0vw
Stephen Schwartz,"Dancing Through Life - From ""Wicked"" Original Broadway Cast Recording/2003",45Yr7rD2vH3OsTRseT6gfA
Dinos,Chrome Hearts,6OhaunEHa10FjmOMFuxy38
Dinos,Portes Suicide,6ZcKyt3c0bnJjn4igDFrzf
Dinos,Ma Baby,2jEGvVyqXUxsHAELiW9YuH
Dinos,Pichichi Anderson,0RwNWOrgD7nrpf1xaboLcU
OneRepublic,I Ain't Worried,4h9wh7iOZ0GGn8QVp4RAOB
Dinos,AMG Performance,17hT2nm4w2HvqFVWJ87Pw4
Dinos,Modus Vivendi,4g2lY55s8TgQDHamXmfs3z
Dinos,Simyaci,3NxhOk9Ewg6pFff3Dk4G3i
Dinos,Quatre Saisons,4Q2dD11casdhNZOoTP8VjW
Dinos,Par Amour,59biiIPxhjNizg6EKBC7ge
Franglish,Sécu,4gKK7isWbSb9c0C7i5jsKv
Gambi,PETETE,0z3bi63SNZ5ylyHOzb81Uq
Dinos,Rouge Drama,5MZeiHXGtBLIS80C1y3vH1
Tayc,Salomé,4DRF0J8DUc5GPzcbOTD1gu
Dinos,CTRL + V,0tYGLNpheKgfWaKPlHFrGr
Kerchak,Peur (feat. Ziak),0S1WhhsVn5wxUngCz5TQnE
Central Cee,Doja,3LtpKP5abr2qqjunvjlX5i
Dinos,Solitaire 1895,45KzQaAly1V4Lmt0KaMXxz
Chris Brown,Under The Influence,5IgjP7X4th6nMNDh4akUHb
Dinos,Rue de Sèvres,6tODu3425Gv86IbYuoEpuv
Ninho,Carolina,22IP2WKjuGYQ19JAz5GpAv
Bigflo & Oli,Coup de vieux,63siBeZzxXVaY0uASns1V2
Dinos,Future Nostalgia,5rhSY6rPnz3bOTe12eBI1Y
Kalash Criminel,Piano sombre,69e5rxSYvLzsmLmiAegA8y
Soolking,Dalida,4J7XN3KBqVH0ftG52SpkRf
Imen Es,Attentat,08XX0Bpp1Ihwfzc6hT2LzB
Kalash Criminel,La Sacem de Florent Pagny,5bCDNKUxQgQM7b7OfQqmvD
SCH,Le code,4EHacNxfg1CVjRUX9YMLH4
RK,Bae,5as5HurTt4u7BuFIT5j8am
Marshmello,Happier - Slowed + Reverb,3aPsxMIfOgmLmQJvAaElKU
George Ezra,Shotgun,4ofwffwvvnbSkrMSCKQDaC
Kalash Criminel,Encore,3MO7YYfTLDqL29b6tuubCM
Soolking,Guerilla,7EAtJk0HzXQp2gpFeaaLzF
Jul,La vie est faite comme ça,7CsesW8ipLEsoCP0mYHiPZ
Aya Nakamura,Pompom,7h0hP4GquuKsAXXuDUV1eq
Amir,Longtemps,73yB2HMz9zu0VcueZ4P1UU
Wejdene,Je t’aime de ouf,76X9R88fhwR1lTXfqdqRKZ
Sadek,Kimono (feat. SCH et Ninho),1EuFj7nTpdtGCvnzY7fb8a
SDM,Daddy,2iPFEYnitXLl4lSxvqZI3m
Black Eyed Peas,GIRL LIKE ME,1zLBsSVxETQOfINOLYvT5m
Amel Bent,"1,2,3",4gLStrXPKcblZ8OEyb9QUO
Were-vana,Casanova,1OXplcZQi9LtOh6e5m0jWe
SCH,Mannschaft (feat. Freeze Corleone),03cOUvF1fyW60AuUfUNiDc
Marwa Loud,Allo,0JyoobM7OpT5fyEqUqTSh2
SDM,Le bruit des applaudissements,2BLJJmV6hj5nJ5mkEj2LoJ
Masked Wolf,Astronaut In The Ocean,3Ofmpyhv5UAQ70mENzB277
SCH,Marché noir,3BDHFeYIrqGpL8HNkuI6zv
Sarah Schachner,The Cracked Wall,03f7arGfWsSDvYq9DxZb1m
Ofenbach,Wasted Love (feat. Lagique),1cYyZ1N98GyRS3cMcccFHd
David Guetta,Memories (feat. Kid Cudi),4dTaAiV9xFFCxnPur9c9yL
Ninho,Tout en Gucci,3re2UyhFJBSG1L4cofzyYF
Bruno Mars,Leave The Door Open,02VBYrHfVwfEWXk5DXyf0T
Nathan Evans,Wellerman - Sea Shanty,54OBgO0Xwu20Jak9TMXbR7
Gazo,KASSAV (feat. Tiakola),25PVU9aowaP69bSYRBe3sj
Landy,Médusa,2hL0WVDLvlxZ60J4YyWvFW
Vianney,beau-papa,5wXkbtZO1HsOQ1P75zi35p
SCH,Loup noir,0qPcwdfndSahEBm4pPGZYq
AURORA,Runaway,23rdcrD0Eky4vYn2TZidxJ
Timal,Filtré,7eb7JIRN6HKpedFSDGd4yI
Ninho,VVS,5S12Ds2RswM2ITC0u1J01f
GAYLE,abcdefu,4fouWK6XVHhzl78KzQ1UjL
Angèle,Démons,3gAEAmxdP1GIjgQ3Zud2mE
Koba LaD,Doudou,1cgRpYVOkYnxomkDpYLyba
Orelsan,Jour meilleur,6VOUfCrjmxH62oijWgbC6O
Naps,Best life,46vfSYsDJZaNQcD4YvT8GD
Imagine Dragons,Enemy (with JID) - from the series Arcane League of Legends,3CIyK1V4JEJkg02E4EJnDl
Vald,Anunnaki,6Emw7N6BUeyLQOB9E4GeMn
ROSALÍA,LA FAMA,6Y46tOTRhkBamosyuWa6YX
CKay,love nwantiti (ah ah ah),2Xr1dTzJee307rmrkt8c0g
Vald,Peon (feat. Orelsan),6GCre1ICOJlP3AQNuOS3oe
Ed Sheeran,Shivers,50nfwKoDiSYg8zOCREWAm5
Jul,La miss,6RXHipTclQenO0vKFeGZYi
Glass Animals,Heat Waves,3USxtqRwSYz57Ewm6wWRMp
Lost Frequencies,Where Are You Now - Kungs Remix,4GIMEDzfakGjbIUme3waUb
CKay,emiliana,6bW7YnPQQffit1iwule5Vv
Jaymes Young,Infinity,1SOClUWhOi8vHZYMz3GluK
Tayc,D O D O,2dJMDzMF5jMvVFKLTci81H
Ronisia,Mélodie (Tatami),78cYGQUXUNS5LZuNRzeqk7
Ninho,Vérité,1O1EqgvgRyj1ejZPUxI0UX
Angèle,Bruxelles je t’aime,0iqk44gA8PaId0Fwa6eesN
Yanns,Clic clic pan pan,37DnQQzvedZUOhtjEEaHQT
Swedish House Mafia,Moth To A Flame (with The Weeknd),0VO8gYVDSwM1Qdd2GsMoYK
1PLIKÉ140,CANADA,6sutxiq0dIw77z0rCB3Ekk
Vald,Maudit (feat. Hamza),6MHeQfndkEfQvEoHOpkjgl
Trei Degete,Time Time,5wKDPtbdggE1roeVp3UdXX
Adele,Easy On Me,46IZ0fSY2mpAiktS3KOqds
Ziak,Fixette - Bonus,0Kvkx0NcqsdYOhQzYfDuDZ
Le classico organisé,Le classico organisé,2O9enJqAqs46tfBlGhLsnW
Ronisia,Suis-moi (feat. Ninho),2JFBYWxcJlt1PubMJYVjc0
Clara Luciani,Respire encore,0n9eeQnvzmMcq0l4DeGWQH
Gazo,MAUVAIS 2X (feat. Ninho),6UlSVbJrj3wsyxjGM4KPAv
Vald,La faux le fer,3ntXOAGhqRRjRbGF5Jtbuf
Vald,Papoose,1QOPXog7uc6nIRuIdIGsdk
Landy,R.A.S.,1nIxCTbXldWJXeQB2h4Lyh
JNR CHOI,"TO THE MOON (feat. Fivio Foreign, Russ Millions & Sam Tompkins) - Drill Remix",3rF1pPjaDjWuIUCTXpMGIv
Lil Nas X,THATS WHAT I WANT,0e8nrvls4Qqv5Rfa2UhqmO
Kim Jong Kook,Be My Lover,3g4dzZWuPHGZs4xOXfDQik
Vald,Pandémie,5FHewCm87pZHevn3wc1zDp
Jungeli,Petit génie,6z0GwK274ToNmvxfyYPuHw
Soolking,Casanova,30D9x5LFgL2o9xidjX2wtE
Freeze corleone,Jour de plus,0sazgd7qckzMWxJ6IHcRFv
KeBlack,LAISSE MOI,2ImdwbujxKFxN1UxEvf2dD
Freeze corleone,MW2,2sMxeHjS9rQh9gB92rcRF9
Doja Cat,Paint The Town Red,2IGMVunIBsBLtEQyoI1Mu7
Favé,Flashback,02RGARryimtGfuawXbKj8P
Freeze corleone,Ancelotti,3jBIofMaOimfUgK4E3hBGB
Freeze corleone,Shavkat,0IzfVZmlCiwPZmjNkRJehY
Kenya Grace,Strangers,5mjYQaktjmjcMKcUIcqz4s
Freeze corleone,Kpop,6JTFR9jAJ9z8jUiGo2q1PV
Loreen,Tattoo,1DmW5Ep6ywYwxc2HMT5BG6
Freeze corleone,Voldemort,7CpI3rs2A4etl7VXghjfWe
Freeze corleone,Bill Clinton,7ebeLiT7gklzZkqM17e2VC
Freeze corleone,Lamborghini bénie,4rlJusZHkNxWrldftzuF5n
Dua Lipa,Dance The Night - From Barbie The Album,1vYXt7VSjH9JIM5oRRo7vA
Freeze corleone,Isshin Ashina,62crMRev17STkFMzAGsb1I
Freeze corleone,Tse Chi Lop,2atifJyt3RvBk2c1USIZ9d
Freeze corleone,Amérique du sud,4L52lm17SjnpXfhJF9Lixz
Ninho,Eurostar (feat. Central Cee),3Iy4j2lCqW8BXGkFk21U6F
Becky G,Arranca (feat. Omega) - Sam Feldt Remix,7HZ6ydZRKKnToI5wHpSVKS
PLK,Nouvelles,7d391WfC0HtftRcetDFQUy
ROSALÍA,BESO,609E1JCInJncactoMmkDon
No Limit,LA RUE,7EO5oDxrq2dvYDgBjFvFYY
Burna Boy,City Boys,4RoKNqyZ9622tcAeNPNv5k
Victor Thompson,THIS YEAR (Blessings) - Remix,5IelW2v32KZHJKwsoJsAwN
Trinix,The Magic Key,6vHkJ4L8gqCwedvhXkSCsa
Morad,Se Grita,55Q180Og5mkW2XeGPjB7yn
Tate McRae,greedy,3rUGC1vUpkDG9CZFHMur1t
Freeze corleone,Argent noir part. 3,7xZglzTyyvra7Egv1Q3Gcb
Trinix,Emorio,14VthBnru6kiREQUYAuNSL
JEY BROWNIE,GTB,2t0sbwkCuLSS8LKFanHEZu
Peggy Gou,(It Goes Like) Nanana - Edit,23RoR84KodL5HWvUTneQ1w
Aya Nakamura,Chérie,0GTO1m0ZbLNvsl6EAMXpj7
Master KG,Jerusalema (feat. Burna Boy & Nomcebo Zikode) - Remix,1dmES1X8l1AnFBy2gR3wYA
Aya Nakamura,Jolie nana,65RWVU6N81CeH65nu52K1U
Bosh,Djomb - Bien ou quoi,0KBwGCY9RYD9t2zjeW4h48
DaBaby,ROCKSTAR (feat. Roddy Ricch),7ytR5pFWmSjzHJIeQkgog4
UZI,À la fête,5TyBXMmVCtAxpOMTCILl8C
Wejdene,Anissa,4KSrOplebZeGWmUPWxi82N
Ofenbach,Head Shoulders Knees & Toes (feat. Norma Jean Martine),2RRpaU7jFVcwo23pthdnBv
Jul,Italia,11Mq1tJwmFOig3BXxjqcQr
Gambi,MACINTOSH,70yiVJoOUU6cNbdsgL6ADT
Booba,Dolce Vita,0oHUBAmUVHjbMDNx0vNPi4
Djadja & Dinaz,Féfé lambo,5hzg9p5zoHldX1O9v8qJor
OBOY,Cabeza,66tNDqYNR2S6Svwgm3BMi9
Zola,Wow,7cjm1BwdqzRPlxdM2J4EMB
Bramsito,Criminel (feat. Niska),3AWs5kIyjFDVsAtofkFU7L
Harry Styles,Watermelon Sugar,6UelLqGlWMcVH1E5c4H7lY
Ava Max,Kings & Queens,7a53HqqArd4b9NF4XAmlbI
Kaaris,Freestyle 2.7.0,0nbmHkmOfZPjOlJ4MKyeuu
Gambi,PUFF PUFF PUFF,5NhOdJFms3DKXuitc9rSoL
Conkarah,Banana (feat. Shaggy) (DJ FLe Minisiren Remix),4o6AIByelb82YnLyqccMjl
Hornet La Frappe,Tourner la tête,6OitAgus4IUjHnUOcrqcUl
The Weeknd,In Your Eyes,7szuecWAPwGoV1e5vGu8tl
Drake,Laugh Now Cry Later (feat. Lil Durk),2SAqBLGA283SUiwJ3xOUVI
13 Block,Tieks (feat. Niska),3Ukw4N1OKSr74IrR3hZprx
Lucky Luke,Cooler Than Me,525GY0mXYnxajolwgS8Eaz
Booba,RATPI WORLD,2ZjTAieewsBC24kPGfLagc
Jul,Mother Fuck,6PqRRt5BCxO6tay5Nry0dj
Olivia Rodrigo,drivers license,5wANPM4fQCJwkGd4rN57mH
CJ,Whoopty,5vGLcdRuSbUhD8ScwsGSdA
24kGoldn,Mood (feat. iann dior),4jPy3l0RUwlUI9T5XHBW2m
Benab,Andale,1HPSiGYqd6cSsMcXE1ouSy
Dadju,Dieu merci,11Qk2ErD3ckafyw4RqQsQK
Robin Schulz,All We Got (feat. KIDDO),1FP9s72rDYty6mfoOEYKnE
Wejdene,Réfléchir,0G4puQDFyihFfN8h6PpVDo
Aya Nakamura,Plus Jamais (feat. Stormzy),7iZVBT6LV32t4l00p73VAw
UZI,Coeur abîmé,21SfDIzLqA9PltXot9U5Wc
Master KG,Jerusalema (feat. Nomcebo Zikode),2MlOUXmcofMackX3bxfSwi
PLK,Pilote (feat. Hamza),12GV2Wr4p1hBWQCrQcVsew
Internet Money,Lemonade (feat. NAV),1p0rEzrK7YtdRZVtiyV7RN
UZI,Bella,6eNp7Fx34k8Wh5GUvkbBHq
Koba LaD,Coffre plein,70pkwEEG7nDTXBFqoGQkH0
Sofiane,Nouveaux parrains,4ycyOBm9iFoiNVkafhb1WW
1PLIKÉ140,LOPSA STORY,5IDnEkOCdOp1F0XTAMG3Rk
Hatik,Mer,3sM7qWEBcC1xV2noimzeWA
Pop Smoke,What You Know Bout Love,1tkg4EHVoqnhR6iFEXb60y
Damso,911,7dwpOFDXpSvj9q3GuOFxYE
Grand Corps Malade,Mais je t'aime,17NQyo1HsqDX7mbzsTWMuX
Benab,Maladie,6jd1shV4ez7BGPqmXISPUf
Sia,Courage to Change,2MbgQKWhoii8bqsMBWWWgA
Juliette Armanet,A la Folie,6EkR0w8oSHHuONFPsZW485
Zola,Bro Bro,20CM9x7WAYZ4r6r1n6PZUI
Lady Gaga,Rain On Me (with Ariana Grande),7ju97lgwC2rKQ6wwsf9no9
Kaza,Dans tes yeux,46ZFuxrYY3ar9Jdf6RDMDP
RK,SOS,3BQqBBpSpb2XD25bfWvBff
Soso Maness,Zodiaque (feat. DA Uzi),7ANjUOsf1c0S84C3BHlBEf
Jul,Fait d'or,42WlUYoPW2cJ08p9FZv2LC
Bosh,Solitaire,3F64F36D17vZ1KgI8vkHQf
PLK,Un peu de haine,5yYfCoMrhcuxMP9CAmA2rU
Koba LaD,Marie,4NcZKLjdfTJLpaCOspAjQn
PLK,Problèmes,6lZbLMHu98qpkOY0t3efUK
Chily,San Pellegrino,5jfvG5UhPE92bhwyJgbKYl
Y2K,Lalala - Remix - [feat. Enrique Iglesias & Carly Rae Jepsen],4XZIuf6EJw8HKOkRC9Jlj4
Lefa,Bitch (feat. Vald),5dltLGr6XZuaHkPJohudg1
Aya Nakamura,Soldat,4srioPdWTM3ycYzhPT2jLf
DJ Snake,Loco Contigo (feat. J. Balvin & Tyga),6osaMSJh9NguagEDQcZaKx
Lomepal,Flash,3EjJfMN67Bcv3FCGR9UgBB
Rémy,Alibi,4iIH0uHA0KI2kHJaKnZN03
Dadju,Confessions,4TF4daRIIWgq4ZTVSV7dcI
Angèle,Perdus,3F4lJ6T5o1hN7CGfhH6TY9
Selena Gomez,Lose You To Love Me,4l0Mvzj72xxOpRrp6h8nHi
Angèle,Flou,3b89BehicGUgc60pLBo092
Leto,Tes parents (feat. Ninho),0G0ZyEQyc3IBcRnYCvtTwb
Travis Scott,HIGHEST IN THE ROOM,3eekarcy7kvN4yt5ZFzltW
Vitaa,Ça va ça vient,6WJR6GY1OTiMblXZrUbIhX
Imagine Dragons,Birds,6Tvzf3VEi16JMhAgOwdt2y
Sia,Unstoppable,1yvMUkIOTeUNtNWlWRgANS
Lomepal,Regarde-moi,72g7nvXgf8gcnUIwRgK43s
Zola,COEUR DE ICE (feat. Damso),6IGg7qsBvA5xbrwz3MNHWK
Djadja & Dinaz,Capitaine,4f0ytSBF6dlKOIFQsfeemV
Gazo,NO LÈCHE,6D1HiF2e3Z0F8FwQ5uLxwn
Zola,TOUTE LA JOURNÉE (feat. Tiakola),5pRqB6LtU8adyhgPGtklMY
Gianni,Acolyte (feat. Dadju & Ninho),3dAmEncotdt2zdvAJBSbCy
Zola,ENVIE7VIE,4AcgnuS4DWpiACgY03Vu2R
Ziak,Pistol & Zamal,62N0lcbpZiLKaly4o0DffQ
Mylène Farmer,Rallumer les étoiles,6iWSlkckwJyzGDkEX8pNqg
Coi Leray,Players,6UN73IYd0hZxLi8wFPMQij
Lizzo,2 Be Loved (Am I Ready),13Irp51zj01BZu2XtDrnAg
Ninho,La vie qu'on mène,0Jh6iWjna1wk5le0Ahn7No
Zkr,Tu vois comment ?,6eS66pycu91zUl7v2kuU6q
Landy,Millions d'euros,6pdgDTMMDY8HjfJ1n7T9z5
Djadja & Dinaz,Booska 77,6bmnCmyqpoXZNakiiTx7cb
Landy,Enfants terribles,3c39RLhnaw269QgsKnhFng
Heuss L'enfoiré,Canada,6mXnfGvmempTdQUoOlJ8hr
Jul,Loin de tout,2kSm0gae6PBJxFSMs48w6J
Zkr,Travail d'arabe,4GKCfVGLerU12pcCf4irGU
Zkr,Intro #9,3qYAo425FARvyiymk4KPk3
Hatik,La meilleure,2g63GxCZUmhsr4XoKR93F6
Aya Nakamura,La machine,4YcK0u6DgSg1jQqWYCXTBq
Leto,Vie de star (feat. Ninho),7toL2moA2sVueHJKDhVD0n
Mister V,Gas,1f6jx0NzCcJiY9NQFKCwjR
Bosh,Slide,0jUBH6aktBM2KCNnEZfBWJ
Dadju,Amour toxic,70APCdHsWV5BEsacwjzXmd
David Guetta,Let's Love,6lhZLbb0czULpjb2kFryPS
Sia,Snowman,7uoFMmxln0GPXQ0AcCBXRq
Zkr,Romance criminelle,38RhYHK1Kt2LKecChOvbTr
Zkr,59 Carats,1oHu927rZAShTX3Y3OHC3z
Jul,La passat,6CBexuksSZDtCj9TWOQs3r
Megan Thee Stallion,Savage,55CHeLEfn5iJ0IIkgaa4si
BENEE,Supalonely (feat. Gus Dapperton),3GZoWLVbmxcBys6g0DLFLf
Travis Scott,SICKO MODE,2xLMifQCjDGFmkHkpNLD9h
Robin Schulz,In Your Eyes (feat. Alida),61ZM92T2zaXIVsqncThQzC
Le classico organisé,Loi de la calle,26Yx4cFgDymA4ehuzx5jMy
Booba,Geronimo,6v85G6mHevBjdpylVuGNGB
PLK,A la base,2MaOtets1EP65Fo6TH1Y6X
Stromae,Santé,3Mcxi78U3lCjt8DMKa6YY4
Lost Frequencies,Where Are You Now,3uUuGVFu1V7jTQL60S1r8z
Leto,Mapessa (feat. Tiakola),4QAv7uyOwIgqOVgzczomOo
Kalash,Tu le sais,1frmYvoVtyFlGypiapnkrX
Niska,Mapess,7suo07vTc92Q9fnxD46PuL
Niska,Le monde est méchant,2DhOf9aFuyDaCgQ00ApAL3
Timal,La beu beu,3BFlHQD1nt7vHXmh0SswCO
Sia,1+1 (feat. Amir) - Banx & Ranx Remix,1OWLQ4FQrO13w6ssWgP8tk
Laeti,Briller,6aCl0j71AwmXEOT602ntZ4
Imen Es,Fantôme,4twZr6R2i4hAuJ7xWYnIEV
Kendji Girac,Dans mes bras,67uINkj49Zoh1fhIZvA4fk
Timal,Fuego,6dCT4Q7Nc33ufVdqX5VtJy
Hamza,Sadio (feat. Offset),5eGid3rXirJcCoROMnTqg0
Hamza,Ma Réalité,1IMgLV6uQ1mzc1XzfhLRQt
Hamza,Codéine 19,3Q8qW4OUBQWLZaNLR9TxFr
Hamza,Atasanté Part.2,64rFW9zxAIeH6dLuiB56Tz
Werenoi,3 singes,57JhjU33uXlZtmr2Dsk8TX
Hamza,Au Bout De La Nuit,2r6L78L65TyGirzPgJvYEy
Ziak,Même pas un grincement,2MQuAyJthNIHzSLNGR3WMm
Niro,Qui sait ? (feat. ElGrandeToto),3ejjmzEsUfObGdmmQRVmM2
Hös Copperfield,À L'AUBE,1aOy9aPUFFE73cPPUJ2kNW
Ziak,Chrome,614cHCtjG7HysNKriC0zFb
Hamza,Tsunami,5nPUi1FjzXA2Ur35LIS0X3
Hamza,Only U,6mq2UNgparrHZkswdKEPdX
Ziak,Tomb Raider,7F7mrivCzAPYZ650y1eoeJ
Zola,NOCHEY,1GelyurdH5LBWReoScJF59
Zola,FROSTIES,0Rx4Y2df6Ic3KVZA8nTmtr
Zola,ELECTRO,2vona51v5WcLceUI1GARSe
Zola,ZAZA,6ipTR3vx8PBbDDfDNgY257
Zola,BRÛLURES INDIENNES,0QGmYkfmtgbQ9HKXl4yUuC
Zola,CÔTÉ HUBLOT,6uJDtrPiH7txU0S9YyL058
Zola,GORGÉE POUR LES MORTS,41QSZvLTSXzgGaPfbHtH9c
Zola,MAKE UP,2JlnRrYDr5f3x7pX8FpAC6
Zola,CARTIER PANTHÈRE,39u64b5XPIpyHn2CP1PJq4
Kaza,HRTBRK #6,4oujvmTUXlPr6jWTWuzfAK
Zkr,Philly,0KZwbPHcktfHL3OCxXzoYu
Niska,Chargé,1R5NIb1aUjWawsft1HCAFi
DJ Kayz,Monte le son,7qOS419tnkoGEBVnY6bXhn
Bilton,Chicha menthe,5uw6CaRX3C1KQeIxCilbGj
Benab,Au clair de la rue,2NrcSGwImmoF7DzSmgxSPw
Tayc,Comme toi,4sxcpuwltBEAMfWueaThu5
Indochine,3SEX,15rbohvA7sY5AMoD3gMMFo
Leto,17%,4Pqh6V967VGBSIxvy3EQik
Leto,Derrière nos tours (feat. Maes),4nOtenqNZNIRYYjBBf8A11
Leto,Power,7J641SlIPU2cHLEgmFyb5a
Leto,Ouais Ouais (feat. Hamza),1pGALYFcP57BOFtaqRDG7a
Leto,Tout recommencer,2xuIvzb7TnWEHBD8hdi143
Leto,Rihanna,5DNNqYcigiHtQJoxDWAJ0Y
Leto,Petit frère,5tSjmJiCwaTHCfRsSYpY0w
Leto,Christian Dior (feat. MHD),2FCRrLMXTL5AMsm9xt7oZD
Leto,All Eyez On Me,4kb2Z4gHhmQTFOfkQiq5DH
Leto,Prada,1p28biRpQBlQFMVihRTPAG
Leto,Jeune soldat,6A29l1WiOjvMY8mOL0Q3N3
Wejdene,Coco,5IMNuXISFASPzHdfTLK1gq
BTS,Dynamite,5QDLhrAOJJdNAmCTJ8xMyW
Kaaris,Illimité,0WvFB0jsdaFTbpkjAuZU21
Koba LaD,Ohlolo,2EfTkZQ4e5oYlJJxQwCBuE
Ninho,Aïcha,3u2NGFCIe5Ynxv8djbpVP8
Ninho,Arme de poing,2WYpG3Kv1xRTqMSNXVOpAN
Ninho,Sky Priority,6ItXr7qOXzK6KlhTbUu6hp
Mariah Carey,All I Want for Christmas Is You - Mariah's New Dance Mix Edit 2009,7iKRL1F3m4t4dkMponnD0P
Ninho,OG,4rhBWOjhizvPajnOhp7q5H
Ninho,No Life,0iPf1xVxV7rlbG4wn3ANFa
GAYLE,abcdefu (feat. Royal & the Serpent),3xSyUXUkSiBLsJNpPpG4v1
Ninho,Intro,1xYzN6PXSwoOChUJnq8eJU
Le classico organisé,Le classico organisé,2O9enJqAqs46tfBlGhLsnW
Ninho,Outro,0rLLENEBErAJjcTFTnQxhq
Ninho,Mood,2KnZ3KmkarHJM6F1t6vdk2
Orelsan,La Quête,0w6lsLBvhtGcqMYA7MB7r6
Le classico organisé,Cœur de pirate,2InKuNaoyiBDf4dmr780BZ
Ninho,Athéna,07pUayx7i1415PoJvPX0S4
Orelsan,Du propre,17gkoi8EGPO1XssTOYK5ki
Ninho,La maison que je voulais,6xVRI3rGcsgi8ZCfdf90Oe
Niska,N.I,52UT99qy9z0YfQ0CQLCmAu
Ninho,YSL,3u2dEwgpdqfAPgSXBpfgpY
Wham!,Last Christmas,2FRnf9qhLbvw8fu4IBXx78
Ninho,RER D,4HvjAQ0ODJVwutBx08bGhG
ACRAZE,Do It To It,20on25jryn53hWghthWWW3
Booba,PRT,3XW46ov9cTkv6JWNchd9ZE
PLK,Attentat,5ioieZofgvXQK70RFhVohl
Ziak,Rhum & machette,3NSMJm5PD70Qk60HaVIITA
Ziak,Akimbo,4Btg1zMSYU2iJ0mQGQGokv
Ziak,Shonen,7dU1FEoaH3izH0aJPIRMhR
PLK,R.A.F,0Bo36dconUdOrPoFgVZM5p
Ziak,Galerie,2SSCtasL6H9ckzCJAlBcgW
Ziak,Espace,6mVltF2RFB3n7t14Pk7pfC
Niska,Blue Magic,4wKYh5xkPvAF6JaG6lxEcH
Ziak,Lloret de Mar,1Z9XcMDmP7BQI0hCbFvid3
Ziak,Vrai / Faux,7c8hPeNvH3bWnQPqaVBIst
Ziak,Prière,4L2mOzRc5l9u3FuxAM32O3
Niska,Jota,6Fnriu0MGPeYMZ6l8GkWZm
Ziak,Parasite,7DZZrxgHYPT0HsyiyEhTM7
PLK,Boost,6x7TvC93w9JcW248LXycB4
Ziak,S.P.S,6toEEHWUY4IAvjUWuOr98r
Ziak,Gros lot,0wWt2lkoacZpKXarF1ClYB
Lacrim,Kanun,0GaHJMM5iRK1Is237TaOTj
PLK,Si ça marche plus,0gz1cS8YYVrNnangIKK9zK
Niska,44,2kg6gav2Y7ceVoZ0s5l3Zz
PLK,Amérique,1Sb2afBLWWRMgOUm4MAFDW
PLK,Perdu,3AnpGCsXVwOcMUUghfl4KP
Drake,Nonstop,0TlLq3lA83rQOYtrqBqSct
Damso,60 années,3mqq0Z92V15UZX4veTK1C3
Jul,Coup de genoux,6csqzTT1S4WMbqUuIoBMKg
Damso,Dix leurres,536gkydNMUKq0SMuQZ1KPT
Damso,Julien,72EqEemOS6xMrn3zmzL12Y
Jul,Fais moi la passe,4qEaGzNhfBH0BxcU62qiTF
Damso,Baltringue,1MF6t2YiYGhyPxsN5DNbjB
Hamza,Nasa,6kjLacoo31Ehp4pTHIJhq0
Hamza,Cocoro,6kjNnf3xoreZJHvZ1oSARR
Hamza,Murder,3LK81r3yptHlliNgLBo1UC
Hamza,Plus Jamais La Même,2KwhL5FVELiEoyCj59CRwV
Hamza,WWE,5IuquxbuAYmwm9tucytE3J
Hamza,Sincèrement,3GJEjJzSGtfQvWDPfEg81f
Burna Boy,Alone,0AoBY2Y3qs6dtGgOD6c91N
Heuss L'enfoiré,La Marseillaise,5VUm2SH1nTCXgIs8MA5WtE
Dadju,Saigne,6mbDkRYSj02BZzDSEJMaii
Vianney,Call on me (feat. Ed Sheeran),2RO4aPByijQUqBZhYm1apz
Oxlade,KU LO SA - A COLORS SHOW,2WigMwGJysIh9fRnSJvpjn
Imagine Dragons,Sharks,5O4r2ews7phw3Y9NsZXkKe
Burna Boy,Last Last,5YbPxJwPfrj7uswNwoF1pJ
PLK,Émotif (Booska 1H),1O2mX6MrjsJlkCGEF0TVWL
Damso,Σ. MOROSE,5Zy87pKyQRlV2HIK8HZlAM
Booba,Kayna,1DSUiI4i5HBWTvDF721oj4
Damso,Υ. 2 DIAMANTS,64bP09xGGtDwOuQYUnYXyY
Damso,Π. VANTABLACK,5BItsXmozLE4dfbcqeN8P2
Wejdene,Je t’aime de ouf,76X9R88fhwR1lTXfqdqRKZ
Damso,Ρ. DOSE LIVE,6cr1zTV67THjgeNE31zPoI
Damso,Τ. CHIALER LIVE,6xWVBK2PyZQjljZrxYut8Y
Damso,Φ. THEVIE RADIO,74eqdbq9P3k57jPXHXUJWC
Damso,Ψ. PASSION,3A6t13W9Xy1gPgnmwapiD6
Lorenzo,Légende Vivante,4sfaf8BPwjoR0nfY4KXnu2
Damso,Ο. OG,6sP2DMFYO41rrDSZyiHdLk
Boney M.,Rasputin,5jkFvD4UJrmdoezzT1FRoP
Masked Wolf,Astronaut In The Ocean - Alok Remix,1yX6sh2TkrT5hsXodo7aS6
Damso,Ω. VIVRE UN PEU,5G58n46ZttjnrjtXpwU24Y
Damso,Χ. ZWAAR,1mpWpeT7hpENHBq465E9O8
Zoe Wees,Girls Like Us,5SFXOMJJ334Wn2PwBHeRZN
Disiz,RENCONTRE,2toEys3zZ8rRB242Na7FZh
Aya Nakamura,Dégaine (feat. Damso),5cqLFudVQryezmVFmmyRJN
Soolking,Suavemente,6Qe7YCkIOc1iaw9HKqO3qV
DA Uzi,On se reverra plus (feat. Gazo),0RlsG2tl1JE53HC2zbeGnU
RIDSA,Santa Maria,3wfQEIvOfeVkXgGZogK3gL
Lyna Mahyem,Mal de toi,40TygTjPf57a3iste6u7Bz
Alonzo,TRAFICANTE,3mTOTW2KnH9pJlpy5o3cJK
Camila Cabello,Bam Bam (feat. Ed Sheeran),0QBzMgT7NIeoCYy3sJCof1
Josman,Intro,6qvyN6NTUpdfOJRYjtSSd7
SDM,Passat,5yHoANSze7sGzhn9MUarH3
Kungs,Clap Your Hands,7g7OshelYRRnOSEMmisJVI
Pascal Letoublon,Friendships (Lost My Love),0lQ2obtzmAsJu9xk3D6FqH
Farruko,El Incomprendido,493Rk3iS7rs8uPfpnfm95u
DA Uzi,Kongolais mauvais (feat. Ninho),5HdOXndzIyhcLTMhAJQkUs
Yaro,Dernier Etage,4cEmTY9s8re8z5Lg9u3uXH
Lorenzo,Nique la BAC,4VzalpjiHHK5cKSgrZuNjg
Roméo Elvis,Soleil,5SNfvgi4TUwx4Si0lFn3G2
Jul,JCVD,10iesoGb4mCYTcur1QfdO9
Niska,Du lundi au lundi,4vR2zaYAW8CtzwodeFufkI
Djadja & Dinaz,Bénéfice max,2HpgP7x3QbcX2RVXlELTxG
Lorenzo,Damdamdeo,1r7Uste80NvDFq2ejM2K5D
Martin Garrix,Summer Days (feat. Macklemore & Patrick Stump of Fall Out Boy),7Feaw9WAEREY0DUOSXJLOM
Nekfeu,Cheum,5dkSQ8ExtSaS5diqiQosOk
Koba LaD,Ténébreux #4,4ZJttoCegfwIUkf0VwwJzb
Soprano,Le coach (feat. Vincenzo),1RighqmKZNqLP9rklJ4HCz
Booba,GLAIVE,4kgHfnWMk3rK5upoZgJrFr
Bill Evans,Jazz Samba,5YaDi2kkCU6JoimzD1lk32
Fresh,Chop - Nouvelle École,1NEL5O5FotR1OyPQyvlMag
Kate Bush,Running Up That Hill (A Deal With God),1PtQJZVZIdWIYdARpZRDFO
SDM,Redescends,17iXucMQMB1Ph3sXU3ZOMi
Gazo,MOLLY - A COLORS SHOW,6KNw3UKRp3QRsO7Cf4ASVE
Jul,Superstar,6kFKyM6lv22Q3KJaIopkIe
Naps,Vamos,5QowMIujytktMDC8pktNXH
Gazo,CELINE 3X,2wXS2IXCyBX0WL76LLYT31
Gazo,BODIES (feat. Damso),3im90dPSC5z1PYJ305kgSy
Imanbek,Belly Dancer,7fZBQnc0zXwVybgCIrQQil
Imagine Dragons,Bones,54ipXppHLA8U4yqpOFTUhr
Willy William,Trompeta,1tpl2fUDbrPAcbPufthvQe
Fresh,Drama queen,51W0UmiX3RjQmorQbjfLUr
Dadju,Toko Toko,6T5ojjecAeMe1vlS5WhooI
Elley Duhé,MIDDLE OF THE NIGHT,58HvfVOeJY7lUuCqF0m3ly
Lady Gaga,Hold My Hand,0oWraSo5ASJ0h1BEagTyEw
Fireboy DML,Peru,4vb777iaycnlFxVkJMmtfd
RK,Aqua,48NB8xi6yLBZVFeHozM6vG
Sound Of Legend,Maniac,2PG3D6a0BaldrZB9W0FPuv
Ed Sheeran,2step,2SUxn2O9NHL6GHGQFgwCY0
Lizzo,About Damn Time,1PckUlxKqWQs3RlWXVBLw3
Timal,Week-end (feat. Leto),793CoRrbz4REtL14m4SbgF
Timal,Promis (feat. PLK),25ji4nGiHRJhdBkQ1CAike
Timal,La 13,7MQPQssaXaj3ztFOuqx8AK
Timal,Copilote,5m2MUY0tlohYnBqIeZV7DI
Timal,Disponible,0oXPB8OSjvfeJNf3i2RQ50
Lady Gaga,Stupid Love,6oTUcPyx3lT4EmmndTBJbH
Timal,Routine,76ihJpOrW3E4GrEriesZDz
SDM,La zone feat. Booba,682BwhJ9uCSZFn45wwl8MF
Timal,Le temps passe,4pUzR6uY16SoA6Go9PlSfX
Timal,Caliente,0tuTJkQ3kiJZBz82RGNeA6
Aya Nakamura,Plus Jamais (feat. Stormzy),7iZVBT6LV32t4l00p73VAw
Zola,Papillon,2BP3MpendH2hA1SGEb6934
Aya Nakamura,Doudou,3V6NCwBywAwpAlAyGL7h0p
Aya Nakamura,Préféré (feat. OBOY),49IzWufYtbt3tgUN8ORNe0
Zola,Madame,6YgAFYliVk5TmDRrm3AZJR
Internet Money,Lemonade (feat. Don Toliver & NAV) - Latin Remix,5TlsFNfXQPjGsak0wii3WH
Zola,Le sauveur,3iawKndE6EuiGNnpkS1046
Zola,Mula,0nv8AierH5OmRM6eXWm9Ah
Zola,Pollos Hermanos,3id48Lm7Gs08U01HzqX6OC
Zola,TLMA,7vF5VzeXnYeLKfmlgSqQjh
Zola,Pistou,5BQcp7ZnUUxg4UAI7UBX2i
Naza,Faut pardonner,2BwQ6Qizq49QKAmcNgjNJL
Ariana Grande,positions,35mvY5S1H3J2QZyna3TFe0
Zola,Cache Cash,0Pm4ixqRGOyfrHQ2oKxlj2
Aya Nakamura,Tchop,3eS2Xx32pVsYj66a3TACh3
Leto,Macaroni (feat. Ninho),4Z9CNGHElj2rLkB8mQdvnA
Zola,Les puristes,1vrWi0e2OtdImHcYEBphWh
Zoe Wees,Control,50Td3qilgs8BLtv8mHyT1t
Billie Eilish,Therefore I Am,20R4HfKloPKgXDqU7UKk3x
Zola,Money Train,76Y2QIyVnaVWFoXFYElf9t
Booba,5G,5HHdKznp8Dqp7nNNd5gEW0
Zola,Tu connais l'gang,4708yH0StofNtDChOQyzZQ
Hamza,God Bless (feat. Damso),1NPCzLUr7hczTXX2Z5Azt9
Justin Bieber,Yummy,5cQaEPbAFPiY6hV8ZWt1AU
Hamza,Gasolina (feat. Gambi),6Ed9pGmIo0qsnAkx4zlJTK
Damso,DEUX TOILES DE MER,6jabQbZ67ACJufvKSv0DI1
Wejdene,16,2SZDQKI2qgbrQ8QKeemKEx
Damso,LIFE LIFE,4zH8LSGG72ieqU6lqLTAhL
Freeze corleone,Freeze Raël,6DPrYPPGYK218iVIZDix3i
Lacrim,Jacques Chirac,5jZQKuiGNtwrr7C8GFMVeL
Damso,BPM,4Vepb6XbN1ONEkOq5cROFH
Damso,MEVTR,6OnvtouqB3bXvaBiAuZlri
Damso,SENTIMENTAL,0uBoJKNzrHYe3bx2TMLPQs
Wejdene,Allo,1h2Q176cZsXBSwtLb3DEhx
Wejdene,Ciao,4MXevSM1LzBIs3JFDDiiIj
Wejdene,Miel,0HCCYNl5i8fFiWuJ9zAVPV
Wejdene,Nananeh,7vPc0ysK7CEWa7wvgnxJV9
Damso,ROSE MARTHE'S LOVE,6rS2kMPCNWOFZHze4dyeSM
Timal,Gang,6IF4BlwyNswpJgTmnuczCT
Wejdene,+ 33,0TAJfXVBfNLHmN3t845IDm
Freeze corleone,Hors ligne,0wUC6Pc1BCRJc1aXbF7yxp
Damso,POUR L'ARGENT,50nIqfdWtG4mwMjf0qQqsN
Fresh,Allez dehors,1TJNaHxRxYT9nBoNyt223S
Beendo Z,Pas bête,3TVUW7bJJWDOonkVCZxfLV
La petite culotte,La goffa Lolita,32ujt0CBVLsFyQtAhVk7WN
Timal,Caméléon,28n4yesf3IGNnsYzg6foRS
Tiakola,Mode AV (feat. Niska & Gazo),5b8HD1dJDuPawgS5FjSC2q
Slimane,La recette,1hlHyt8OJfKU1g8g7rZxxb
Farruko,Nazareno,0RGpd5zCowfEItCUF7Itpr
Beyoncé,BREAK MY SOUL,5pyoxDZ1PX0KxBxiRVxA4U
The Weeknd,After Hours,2p8IUWQDrpjuFltbdgLOag
Billie Eilish,No Time To Die,73SpzrcaHk0RQPFP73vqVR
Marwa Loud,Allez les gros,3t3QMbpJic6WPVDapRDUJm
Future,Life Is Good (feat. Drake),5yY9lUy8nbvjM1Uyo1Uqoc
BTS,ON (Feat. Sia),4JWbH50WabthGhmtduR8b9
Naza,Souris verte,6VB70i0iZ76npVKwWVVUYx
6ix9ine,GOOBA,2zvDnNLW4yZ4a0YcGiOEBX
Dadju,Bobo au cœur,2XlLHcTNLBkxqCdKasBrRM
iñigo quintero,Si No Estás,2HafqoJbgXdtjwCOvNEF14
Werenoi,Magot,69zAnyBtarXinChSUq925t
Ikaz Boi,BALLE DANS LE COEUR,42koItqq5r5ZoXj8TTt36D
Werenoi,Mauvaise,4v9cohT8ERXNMbYs34JI7V
David Kushner,Daylight,1odExI7RdWc4BT515LTAwj
Werenoi,CR,71meiqnCUXFSPIAk80ISq5
Werenoi,Chemin d'or,3rkyVQEgaDR5nZvW10QOrQ
Dadju,La guitare suit la mélo,5BOfwzK5yI9sL2uit0fHIG
Werenoi,Tu connais,2QSswvVqhYPlZuWTua3uZb
Leto,Préjudice,4izmyQcssvHEpC8cCFqQam
Zokush,1 2 3 4,6feTvFEMNj1ytgfNe6kA88
Werenoi,Rolls Royce,33KtDQsUTD89lXMCbgda0n
Niaks,Perm,1Pl1mEiHESxkpQGIMACiyf
Jung Kook,3D (feat. Jack Harlow),6ehWdR7cGDXnT7aKEASJxE
Niaks,Mahmouma,3miLA8urFK78rpi4sHb5te
Orelsan,Shonen,3Z8gDycWX48tv06vVRMQtg
Orelsan,Seul avec du monde autour,3thFDKQiVTO3zpjppG91BE
Orelsan,Casseurs Flowters Infinity,4zNegI08Ey41oFdfaiZinq
Orelsan,Rêve mieux,6AZjI0TIQ6yuluJXt3oj2S
Orelsan,Baise le monde,3XAtvKDjSweKY7Hxx6K6ou
Orelsan,Bébéboa,37elS4BnxlVk2Ow5ig3LO9
Orelsan,Manifeste,0dhZSfQGvCPaJQKlPtjrt2
Orelsan,Ensemble,64mVjYpiuyDCNu2FcPsium
Orelsan,Civilisation,12C6Cy0B1fH7k5Ex0DreRS
Orelsan,Athéna,4OTgPQji476VR0qarMgsgG
Orelsan,Dernier verre,0Vaqh10JzIrxfDCWJXwLa5
Ed Sheeran,Shivers (feat. Jessi & SUNMI),1A3T3npKsrElQTjTEcr3LR
Guy2Bezbar,Fendi love,2nGeTnK3L2mmCwJ1RPWPbj
Tayc,P A S C O M M E Ç A,1ZrkOlKJ9db1cHnL1xEyfd
Ambiance Skandal,Offishal,3hH4JiJWA57DmOSDmMNo73
Adele,Oh My God,3Kkjo3cT83cw09VJyrLNwX
Tayc,D O N N E L E M O I,68fW8DCQgv0uXybohyyszr
Alonzo,CAPO RESTE CAPO,5oTbTzttP3kc1ySjZUpaUS
Julien Doré,Nous,5KURaCww90G5JWY3HAZ5tn
Tom Gregory,Rather Be You,4azrDVsjdtADc5mQOSsKqq
Mylène Farmer,Désobéissance,0goaNhFjt9i8AUiaPXbDSy
PNL,Kuta ubud,2yG0qiAoQCHvJz9pIicaSA
Ninho,Sans peine,4smLSyGtyNJLPb9J1Iuwsb
Maître Gims,Miami Vice,6gXd5Y7K6aXtTBE5NEPVTS
Damso,Introduction (Damso / Lithopédion),26GWMiaWlPAtmu0otrSfSj
Damso,Festival de rêves,18XhhWciV0vvxS5ufEU4ei
Damso,Aux paradis,52kC2vlOR8dBzZKQvm2Byr
XXXTENTACION,Jocelyn Flores,7m9OqQk4RVRkw9JJdeAw96
Damso,Perplexe,2pNqS8emdzZHiYJkBnU4Jv
Damso,William,1CoD4tVvtBoW9Tzb9FaDsM
Damso,Noir meilleur,7snM16IPaoNqJyfMx35DSr
Damso,NMI,2MdCqCyvvEuvURe048q0Us
XXXTENTACION,the remedy for a broken heart (why am I so in love),4UKCKdYiLN6IMA5ZESUTL7
Nuit Incolore,Dépassé,5bOWPM362XpMa8zn6UR9te
Imagine Dragons,Waves,0YbFEoJi7Esa7lhIrEpBjl
NAZAKEBLACK,"1,2,3 Soleil",5dSfZLxT4QUN4maDM5H2ZW
Jul,La faille,6AZZfRVQ0fZBVZt6V60DBT
Kendji Girac,Le feu,7tChNCtleS9bUPD4uDXvJf
Mentissa,Mamma Mia,3p26SlvvvwRo3WY9pUTlE0
PLK,Demain,66TAAKeoOD0cFpVRug9IXZ
Romsii,Nototune,56TVhhTLE8DWoV92xaTUE7
Ninho,Paris c'est magique,5gNZjp6r2TfC3uh9iopWxt
Ninho,Jeune Lossa,1AaJX4YEeklJyRYisD10JT
Ninho,La vivance (feat. Koba LaD),4waeGjPW1ovLjhbScVibAH
Ninho,Tokarev,1WqP758rbjGxxZQm28PBme
Ninho,Big Pac,5C6WBcv7ILoSpREAZsnArO
Ninho,Zéro paluche (feat. Tito),6HSO0pV9ky6eHdUpXpTMQj
Ninho,NI,5ZCDAxmup54iZZDkMk0xNV
Heuss L'enfoiré,Les méchants,0r64LBR8RlnXcdd5HTFubd
Djadja & Dinaz,Drôle de mentalité,6SfaEpLn8FOVXqWuDdCbCy
Clara Luciani,La grenade,7ixCRBD0FZMRBeOBhTu2KD
David Guetta,Say My Name,3MoV1UsAJmz64LHqyiRMp0
Eva,Bella,72xzmxlpzlCZoU1qocxrLg
Mark Ronson,Nothing Breaks Like a Heart (feat. Miley Cyrus),02dRkCEc8Q5ch4TTcnLxOn
Djadja & Dinaz,Bomba,5eKtOpkHucWh5FdQOXT2SA
Soso Maness,Puta Madre (feat. Jul),76YbjMIB74nqaSSlmx5zLx
Olivia Rodrigo,good 4 u,4ZtFanR9U6ndgddUvNcjcG
Soso Maness,Les derniers marioles (feat. SCH),3aIH3DPcGwMDPlOl43Lufl
Imen Es,Essaie encore,1oZNFHYYQ2wiLSYyi8UchL
Tiakola,Pousse toi,48ghUr9q4ZCKTGEGzdZJlj
Josman,Brûle,4SsSjoHtxj70UG5W88i0Dy
Josman,Mort Ce soir,3fafoRdrimdbPpJJ0wBFAA
Josman,POP (feat. Guy2Bezbar),4IaKD3xuTWise6IxscuDHY
Josman,AhGars!,01Vz9TC2qmgZEjlBnVQoyb
Josman,PLU$$$,5VfuiPIiEWVa7c8Nw0B9rL
Josman,Vaccin (feat. Sofiane Pamart),2tPKUDjKkDVp8hSSFpxYzN
Josman,McQueen / Givenchy,6c8rVvdCyALUTZXuxdgCb0
Lamatrix,11H (feat. Ninho),2cs6Z8jGy5C0zP9kcEJi85
Josman,"Peace, Haine, Love",2Xm6MU14w5N6kuOnp9nU3H
Kungs,Never Going Home - Lost Frequencies Remix / Extended,3ZBlF7VmnOeCa8kLSRv9Le
Niska,De bon matin,3EwsJXInOSrHZqSRW2UceI
Timal,La 14,3OpBB1g6POqEnQkeQZFKQr
Maes,Imparfait,2oA44GF1ypyWTH18HGLXIS
Niska,W.L.G,13E2wgUjmdunrlq3Vbxv8T
Drake,In My Feelings,2G7V7zsVDxg1yRsu7Ew9RJ
Kpoint,Ma 6t a craqué (feat. Ninho),2NUIWpL6IsYGkwfSN7basS
Hornet La Frappe,Taga,4LaetMVulXier6VgeK6LtM
Moha La Squale,Luna,55PyQALchJn43CGeN6XHAN
6ix9ine,FEFE (feat. Nicki Minaj & Murda Beatz),43VXG87ajppI8mO1Mxo8vu
Marwa Loud,Bad boy,0RE4crnT3jRms1xxVlEZx2
Jonas Blue,Rise,3u1S1OmAUhx5DRlLrXqyp3
Naza,P*Tain de m*Rde,1OYliHobfsVlwcnQqtSSEE
Tiësto,Jackie Chan,6mKGTwqqgPIAZuGtrgr2Mt
A$AP Rocky,Praise The Lord (Da Shine) (feat. Skepta),7ycWLEP1GsNjVvcjawXz3z
Hoshi,Ta marinière,2JFmiASjHttT8AK7WeZjAb
Armin van Buuren,Blah Blah Blah,1moFkZDqcjQNeXtyoanLHv
Nio Garcia,Te Boté - Kameo & Ritmo Raid Remix,6c8pomhtYcKB20M4KuAzCH
Aya Nakamura,Ça fait mal,0gMywbX34eJ7W8RW7i2Qo3
Aya Nakamura,Whine Up,5sX6wIVVYhHPqtsv3BXIpk
Kalash Criminel,Cougar Gang,1rrIaMf3GGM8nWVfaJgM2r
SCH,Prêt à partir (feat. Ninho),0ZKi6Khl1E9EoOQadSXN5m
Aya Nakamura,Gangster,5raFS0XhubxwCAm9brr5pS
Soolking,Vroom vroom,6Y4h3C3S6J1l3mlH4IgcZk
Aya Nakamura,Faya,0xzZlIXDsXgC3kCPjRB1Rp
Soprano,Zoum (feat. Niska),1ALK7oqxMr5yonp9ZfTWH5
Gringe,"Qui dit mieux (feat. Orelsan, Vald & Suikon Blaz AD)",0sMzxVIRUbQBtOPTCBITUS
Jul,Poussette,33SjXKVWFGGXF0oBOChE1d
Angèle,Jalousie,3U5x1rplpJNKR3Xg88EfLi
Niska,Passa passa (#BooskaMechant),2AFEY781u68sON4BTSPJz4
Ninho,Freestyle LVL UP 2,7DOqkqVZuvPhKIAtVXjZo1
Ninho,Freestyle LVL UP 1,6RLVnSWFkT7ywpXv0XyRhY
DYSTINCT,Tek Tek (feat. MHD),4TBxB7MulrQ1Nb2uxHwJX1
Ninho,Freestyle LVL UP 3,5WAqZjhyquaFf8zBZ1Stfd
Naps,La danse du roro,6sR9M21Bl17LNMs07QSjyb
David Guetta,Baby Don't Hurt Me,3BKD1PwArikchz2Zrlp1qi
Calvin Harris,Miracle (with Ellie Goulding) - Dimitri Vegas & Like Mike vs. Bassjackers Remix,064qVCTCLBxMGjcUgFkiXa
KAROL G,TQG,0DWdj2oZMBFSzRsi2Cvfzf
Werenoi,Solitaire,3kzXT2poHInDISrXOgT1PR
Ed Sheeran,Eyes Closed,3p7XQpdt8Dr6oMXSvRZ9bg
Black Eyed Peas,BAILAR CONTIGO,2GdHCkeAycTJ1RgMlptaRE
Sound Of Legend,Some Kind Of Kiss,2xsRIYRAC0mXttKR4sZscl
Jain,The Fool,4bArJbevzjgIfbPupg9GEl
Vald,Journal perso II,1ezjFgjNnCf57TW1sacWBH
Timal,Cavaler,3pCx8F9Jzb63oDZhbLYG9Y
Niska,Siliconé,4pmQt0EAXwy2SyXOJJ2bPU
Niska,Mr Sal,6P1FUURjn1CXB4y74paDOK
Lil Tecca,Ransom,1lOe9qE0vR9zwWQAOk6CoO
Gambi,La Guenav,0kH4ZE0SewdiPUUgbQNVSU
Ed Sheeran,Beautiful People (feat. Khalid),70eFcWOvlMObDhURTqT4Fv
Ronisia,Mélodie (Tatami),78cYGQUXUNS5LZuNRzeqk7
MadeInParis,Sex (Interlude),78XZ8m1aqtiFXyHTV4aRRb
The Weeknd,Sacrifice,1nH2PkJL1XoUq8oE6tBZoU
Tinlicker,Because You Move Me,05GvwwTLLID738BbKN1ze0
Leto,Mozart Capitaine Jackson (Episode 2),6C5GEPPhz7XyXPE2rYhu98
Vegedream,On a l'habitude (Ok Many),1V6GQXatQBSPUGJhHmxbqS
Zkr,Les gentils bandits,1v5Vr2OEiALf2njSgtkzLO
Lorenzo,La Kush,3803TnTgCIn4rq6ZdEoPAl
Orelsan,CP_004_ Juste un dernier,3idfsvvJ6qVj8GlTixYFOn
Orelsan,CP_002_ Les aventures de MiniSan,5N0tnAyEkOWB7TFbYzIQUs
Orelsan,CP_005_ Ok... Super...,1OtmgzbSioyBW0iDc3oICV
Orelsan,CP_001_ Intro Civilisation Perdue,7b3YQboXo3kau9YVUyx3r4
Orelsan,CP_006_ Ah la France,3lF6oMmvcRa2Xzpbd538OP
Orelsan,CP_003_ Toujours perdu quand même,0z4LYHIcQXAcZPkRWD864g
Orelsan,CP_007_ Point de rupture,3mTA4F3s9dREnzVvEMV6Vo
Fresh,Spéciale,6OxnhCRysP2WZwBBwaTttj
Orelsan,CP_010_ On a gagné,77IL9SsjWUkTPtQuN27fNb
Franglish,Mano,2w2ysguAZeL0U1q34Cf62v
Orelsan,CP_008_ Nous contre le monde,10CWB5tYSutSM3mOfndIIU
Booba,GP,1COYNecOxmnapvty8PVR4s
Booba,VVV,0Q1ZthgaRH9sLIHHDrzX4X
Booba,Ultra,0jKtpN3rsW1831n2w6OfH9
Booba,RST,4aiIh5wCetSjn6IuU9QX1F
Booba,Bonne journée,3jRTJfW2nvUM4eoZoihnfW
Booba,Vue sur la mer,6cXNliTOTb6IrU4YhyH10J
Booba,Je sais,352ZjWTgxP3OOjsZYpv0kz
Booba,Dernière fois,6wO9axcjFhcQqJHuhai40h
Booba,Azerty,4uqh1AFQaNojpqgtQFgUPE
Booba,Grain de sable,1wq6CLiywo8ewiOLB9CYCe
Booba,31,0vxkghkV5IMJOfUbZ7Ksul
Serge Ibaka,Champion,7moGDROshDKDpuQxtQ3q4m
Jul,Carré d'as,61Bv6dEv8l1OfOMI4lxT8U
Julien Clerc,Fais-moi une place,3sxOptguVVowIbz3FMp5vF
Fresh,Chop - Nouvelle École,1NEL5O5FotR1OyPQyvlMag
UZI,Trophée,1CGbe7dEJvPu5VbpmKjcT2
Tiakola,Atasanté (feat. Hamza),1oXn8nhl44cH6HXqGQnOgY
Jul,Ça tourne dans ma tête,0MG9FlA1CLNbHQSnQQaMF2
Lomepal,Tee,2wqnUV5B4g6u3somiH9JkX
Bigflo & Oli,Fan,29NYSe0PGnjSU4Vo0dxmON
DJ Snake,Disco Maghreb,0RVmOh80HfpuygCBt2d1va
Lacrim,Végéta,0nbyloysZRfX5dcNnMv1sd
Lacrim,Rafa & Carlos,5Zvcm3RT4ImIepkZ5kkXyU
Lacrim,El Professor,2G0pTNZS5ANfzSux6Lep9n
Lacrim,Penelope Cruz,3qFXNRQVLw7Wa0s1NVFgpK
Lacrim,Picasso,43VuncRAkpxqSSyYPgC6lv
Lucenzo,No Me Ama,4DN8e56DFCEXISA8Uqz5Pw
Gloria Gaynor,I Will Survive - Single Version,7cv28LXcjAC3GsXbUvXKbX
Magic System,Magic in the Air (feat. Ahmed Chawki),3s6ltUrI93LBKU8taezsLn
Ariana Grande,God is a woman,5OCJzvD7sykQEKHH7qAC3C
Lefa,Paradise (feat. Lomepal),00YUNap0MFncqzzuvwzUlS
Dosseh,A chaque jour...,0Vi7aOPdOU683VUfZ79c0d
Cecilia Krull,"My Life Is Going On (Cecilia Krull vs. Gavin Moss) (Música Original de la Serie de TV ""La Casa de Papel"")",49ekRB1AYfDn0qeBfctJbJ
Vald,Gotaga,2diEeH1DjfrYGRlXENLkdY
Dua Lipa,Levitating (feat. DaBaby),5nujrmhLynf4yMoMtj8AQF
DJ Kayz,Monte le son,7qOS419tnkoGEBVnY6bXhn
Dinos,Paranoïaque,5EjRTvSPOnwALpoMM6LkCI
Kaaris,Goulag,1UvYiDcJVolpUAQWpwrxNw
Djadja & Dinaz,PRBM,4vmzHYwTA1yTEKFBZKxaNV
Eva,Chelou,3MxX4ISqkBaNCSHULKHXTx
Pop Smoke,The Woo (feat. 50 Cent & Roddy Ricch),1H7KnK26kc1YyellpbINEn
Landy,Aucune limite,4dtXgUQj1jEa0fIOV7bFRb
Pop Smoke,Dior,79s5XnCN4TJKTVMSmOx8Ep
Booba,PGP,38Eq6RgIxOdt4twqyVAPCn
Heuss L'enfoiré,Les méchants,0r64LBR8RlnXcdd5HTFubd
Ariana Grande,"break up with your girlfriend, i'm bored",4kV4N9D1iKVxx1KLvtTpjS
RK,Rédemption,2FCVRPPesg2FYUebPoUlZv
Lacrim,RS6,1mn6HJ5ZWCbxv5JB9nkv1O
Lacrim,Patrizia,5fsOa2FTeCVCkOk9SotRkt
YL,Nina,0qAoiRLhlcXTkXH6IbBcss
PLK,Dingue,4a4cTUsFiyPN8jaHt2xf18
Jain,Oh Man,0F3fscqwFqD52Tpbep5hBW
Kaaris,Octogone,4groJLnv4zXjUZlhipBpXR
Lacrim,Jvlius,2o4NiwCMaXjI6oA7IfNDsE
Aya Nakamura,Fly,5lK9Z8Olm5QKXt29LWDG6M
Aya Nakamura,Sentiments grandissants,3KQLmecwyKuzu8WTjNA0HQ
Aya Nakamura,Love de moi,0tkabB4UAJus9OhbXjIorg
Aya Nakamura,Biff,1kXziv0MwuuTrOYAT8JukL
Aya Nakamura,Nirvana,0SpWaGS2OVOqkZz5KDz4fW
Aya Nakamura,Ça blesse,0zOh7uYDYvifz6yx53SZsR
Aya Nakamura,Hot,656J3lgQWCiHkPmtGWnBsO
Aya Nakamura,Mon Lossa (feat. Ms Banks),3Pks6NBLfyFP3GIrDKNh1C
Ninho,Toutes les couleurs,3Wyfc9GXlcormqpP7Ec7sx
Ninho,Privilège,0bnC0gnylNI58ySEsYGTAD
Ninho,Problèmes du matin,1MdrPltIgXbrFqhmzcdBcc
Bilal Hassani,Roi,5PBSQUx6KNuKN4nLT21EKy
Koba LaD,FeFe,369Vi2C4a73xhxhowHNbSR
Halsey,Without Me,6FZDfxM3a3UCqtzo5pxSLZ
Kaaris,Gun salute,5UgUGPknu6JRgawaJAO9rX
Kaaris,Aieaieouille,5WpIIZ8PGiBL7353UNdwyZ
Hornet La Frappe,Maison d’arrêt (feat. Maes),118u699q5oJ7jvluZC6Y15
Kanye West,Hurricane,6Hfu9sc7jvv6coyy2LlzBF
Kanye West,Off The Grid,6LNoArVBBVZzUTUiAX2aKO
Hatik,Ma p'tite étoile,4MQgqO4HollqhSs1Cu9xRR
Elton John,Cold Heart - PNAU Remix,6zSpb8dQRaw0M1dK8PBwQz
Olivia Rodrigo,vampire,1kuGVB7EU95pJObxwvfwKS
Niska,Mendoza,32md7VvQTg5kQqPnbHFjx5
PLK,Toute l'année (feat. Timal),5PlemGdKGymY91Emm5xDbr
Niska,Hasta Luego,7o1v5rG3vPpjSTtcuye8Da
Niska,Vrai,2hQVgdsbxyEJPpSsljh9xe
PLK,Hola,2SMO9OW1G7dojLjZjoKVFD
Niska,La zone est minée,1cBB5blGPlfKp5V1MQvihZ
Niro,En double appel,3Inf0l3XMpWamZOQvC7HPE
PNL,Menace,3gBOHhsguIRSrfrCiHBtgk
PNL,Celsius,20KXOKumUNxisRWv74hvUF
PNL,Cœurs,6uLStQAktWCCo4ZIWsinqn
Koba LaD,Cellophané,41Rp0dMSgO2QeguHANPsCD
PNL,La misère est si belle,1s3XtkdfT3obSCbQVWtvX9
PNL,Déconnecté,7qqPnzVQILmJeldy9smPLj
Jung Kook,Seven (feat. Latto) (Explicit Ver.),7x9aauaA9cu6tyfpHnqDLo
David Guetta,Baby Don't Hurt Me,3BKD1PwArikchz2Zrlp1qi
Ninho,La vie de Johnny,0XpWJLcqo71l4jsSsjrFD1
Nahir,Piranha (feat. Vacra),6IPZTZjbaVxzKDTU2ZBn1w
Ninho,Blue story (feat. Lil Baby),3t6CmLKKMFxclNBzvJd51t
Ninho,25 G,4cW0FXhN81yZ6YHVmFnsyG
Ninho,Rich Porter,7nLzZI0e9ngvaNDqLF7Z8c
Ninho,Chiraq,3gKjMuGpd9d7FE71rbdIwa
Ninho,Bon qu’à ça,07VDlMEZIHbocc84zVB410
Nekfeu,Les étoiles vagabondes,01dqWNKgM2ujxu7HacaQwI
Nekfeu,Alunissons,67bPDXCsUNsxyNnNg3jYGO
Nekfeu,Voyage léger,5FJUbcs6V1sMuDNw0GM2NQ
Nekfeu,Takotsubo,6La7yrDZgV4kYOk1HrQZvs
PNL,MOWGLI II,1w2OwBeojIZI8hTI5WkMkV
Nekfeu,Menteur menteur,27MoaZnyF4chxovDTuIKol
Nekfeu,Le bruit qui court,5w3r6vFKgkji8kpWgW47og
Nekfeu,Premier pas,3Q35CdXXoyb2AxDghgadZZ
Nekfeu,Ciel noir,31uIcE1TppvHBGNgTGYXO1
Nekfeu,De mon mieux,7lGTxBDhX0tTx09NhW2HGT
Nekfeu,Koala mouillé,261zDrGJQxVmij9bK85X9D
Nekfeu,1er rôle,4IIDWPXU0yQXAlXgxNSQa3
100 Blaze,Binks (feat. Koba LaD),66kEUL4IAGwmquPa41Jka8
Avicii,SOS (feat. Aloe Blacc),2x0RZdkZcD8QRI53XT4GI5
Lomepal,Mauvais ordre,0H5JKQ7qQ5MBeRSZSieZsM
Mig,Quand j'y repense,3BsYL1gVsiFpo0bM8oTbi0
Rsko,Contvct (feat. Aya Nakamura),7BIPJBIGoxQTn3i748Wk0j
Gazo,BECTE,0Fqpx84jq1cK3pDtPvTFyM
Kalash,Malpolis,3sgzxVe4NjuezbZ8CiPlLP
Werenoi,Selfie,1M7ef3b9Uc4R1wIANvH28y
Lomepal,Hasarder,6V40xLcDlYwZpz3oKIVNhL
RK,Indiana,2xAasEmLAq9cV00EeZZUNV
Leto,Fly,5F7fASl5EaHs1HrH06kftK
Stromae,Fils de joie,6w2jx3gzQAtoKP22czcANv
Stromae,La solassitude,09IE6tsb0tL0VLGH4GxCOO
Post Malone,Goodbyes (feat. Young Thug),0t3ZvGKlmYmVsDzBJAXK8C
RK,Pardon maman,3lcji9p6PgHYftz88p9SW4
BLACKPINK,Pink Venom,5zwwW9Oq7ubSxoCGyW1nbY
Jul,Entraînement,5JwqiWLLvi0HGABtvw57eX
Jul,Alcantara,1makGvbFZxULLqLdUe9M2L
Jules Hiero,Cocoa Tree,5jt2mlO9nhkhOtaFOZrIVs
Jul,Ragnar,10kK47RnybBiGAB4XtUkmD
Jul,DP sur le maillot,4CYhMrVuxc1GbedgYxXgeX
Jul,Chagriné,0mVT4VH6fWPi2kyxTSRfvl
Jul,Courtois,3Dn3QRDIJvBM5H4RXIHPCw
Julia Cushing,The Skullgrind Maze,5A0To8nMneS3GHYNcNqeI9
David Guetta,Baby Don’t Hurt Me,0pCwkqFMabBxuKtheNa1MM
Jul,Range ton égo,7r7lyWFwnnlxWOLNkzrCZk
Jul,Droit au but,2X7od4A5CyCUGppLUEkpXD
NAZAKEBLACK,"1,2,3 Soleil",5dSfZLxT4QUN4maDM5H2ZW
Shay,Jolie Go,4QiJK3bjjI3mbzyKDjjGlg
Julie Griffin,"If Cupid Had a Heart (From ""Hannah Montana"")",2w0IyQCF6aAiP9lLTG5gfP
PNL,Tahia,0vfB1HhL36tfV8q6LLKtgo
Eva,Alibi,3xpMaHXEDMGxukixMcbfxD
Djadja & Dinaz,BONKASA,62u6D0NgRPtFcCdF5rNLeh
Lucenzo,Baila Pa Mi,2GS9AEoOjgbztBfIbCJ2mr
Duncan Laurence,Arcade,1Xi84slp6FryDSCbzq4UCD
ATB,Your Love (9PM),5YaskwnGDZFDRipaqzbwQx
Gazo,LETTRE À UN OPPS,7LQxyZwcn4Ryq4Z0qllQd3
Aya Nakamura,SMS,0jHBAPWVAZIwW67hg0XHnh
SDM,Hier encore - A COLORS SHOW,4adv8j9nlowApGqxBwl8GA
Niska,Genkidama,7hV7y1AX4BgZeYs9y4iyY0
SDM,Franklin Saint,6y8K9wBDMNLE9RCNdEFXCs
SDM,Fame,0l2C36tMNUSvunD0ECyNGQ
SDM,Jacque*** Bag,3q2DNvmHfx7RFBSHfaVLoW
SDM,Nwar sur Nwar,5uiv7eDJGMj47yg59HT4xW
SDM,Si tu savais,3dRY9wpDvyIV7UZe9SnG1b
SDM,Ragnar,6Fg2t44nTMh6Oerl1D5WOo
Nour,Premier amour,7GNYp8iyvgLSqgSLLndu1P
SDM,Dans le club,1auLSAt03EwPE7q2ZrfdON
Lady Gaga,Bloody Mary,11BKm0j4eYoCPPpCONAVwA
Lorenzo,Coco,6hfkqvPACVG4l4qtY7xDgG
Koba LaD,La C,5PtFV78R0DRvzsTqk1S0Vt
Kaaris,NRV,65Uc29xtvhUIk6KUASvQ7Z
Leto,Nouveaux riches (feat. Niska),2Bo6H2j9DR1PoGLG2YCQhH
Freeze corleone,Desiigner - A COLORS SHOW,6e54OVT22djtYkALxbp8ld
Lefa,Smile (feat. SCH),4v6hY4mPxDFrTqF6WHvXio
Djadja & Dinaz,Plein les poches,4roO5A8u9qQc2PngbOIoYB
Djadja & Dinaz,BB,42iot95IIzvmHIjgas4y2R
Djadja & Dinaz,Moi-même,52beiA2KXnwLs3WbSc2Axx
Djadja & Dinaz,La cage et la clef,4jT4BPJcoZfo4Co9LRTQYr
Djadja & Dinaz,Demain sera meilleur,2EG2dXrcsWDnQHyBJMkxuX
Djadja & Dinaz,Essayez,0gsGsVSrV2XDRVBBNP0vpN
Djadja & Dinaz,Certitude,4hryTDEL2nyeucQdDY5pmH
Djadja & Dinaz,Mailler,5csJ11x5Rck1RxdIuQzw7t
Djadja & Dinaz,Paré,42wBJTHX9xZvLdVdOImBZH
Djadja & Dinaz,Loyal,2KK4wNF1BevzG2A9eT4OVN
Rival Schools,Paranoid Detectives,7jOxXz9a0bOIRyraXHYufn
Djadja & Dinaz,Anonymat,6Rph55SzbCmCFHzHDxDk9G
SCH,Grand bain,7n2IirOomwTTGdGZVZ3vCD
SCH,Corrida,0h5loK7awcpjgerjVSKHCg
SCH,Fournaise,0RJn54iW71JQg9g2ZJVAPF
Djadja & Dinaz,Perdu,2WIuPxoEpdMHl83BCTm00i
Djadja & Dinaz,Loup,4luexMEBsnfcUZd6rq8U86
Djadja & Dinaz,Spleen,6Z8hgm3nBTboy72dIQU2oY
SCH,Assoces,65qLZYZ9jtjC4oHJlNz3RF
SCH,Zone à danger,4QAgUdcBSPz0TkqFCJmoRp
Curtis Schweitzer,Europa,32Lxb0ZSt56wH3PaABlzmM
Djadja & Dinaz,Ca va aller,0ZsmpKN58efbbGibbtfZMf
SCH,Aluminium,4h1XaZGJm0skvKAzjc8CtJ
Stromae,Invaincu,2GiZ3sC2p1Cc2t2gbdMKsN
Stromae,Pas vraiment,50bolTQzLQn8AC1QhjM3XP
Stromae,Riez,51nT9WGrFb5P4dHyzGiNc7
Stromae,Bonne journée,0i0ESj6M9eV8ck3LP07QzD
Stromae,Mon amour (with Camila Cabello),1lLh3yUgjjt7GrtGgFdA11
Stromae,Déclaration,1hdytZwjFe8phts7grrWy2
Stromae,Mauvaise journée,0jbGm0dpPUnr8omDSpLKW6
Zkr,Temps perdu,5MzkVtu7Pv3PfdZ17pvpBA
BENNETT,Vois sur ton chemin - Techno Mix,31nfdEooLEq7dn3UMcIeB5
Drake,IDGAF (feat. Yeat),2YSzYUF3jWqb9YP9VXmpjE
Rayes,Prada,189n6sGWfWHAwtDLRdo4mt
Drake,Virginia Beach,3eP13S8D5m2cweMEg3ZDed
Kerchak,Roule un autre - A COLORS SHOW,7FKZix4pk2qf4SZVMOYich
Nej,Ma muse,04Y0l7UQzs13uyKXzCYi2p
Calvin Harris,Desire (with Sam Smith) - Steve Aoki & Kaaze Remix,4nowjXKqNsUsOcYFHN0cWJ
Drake,First Person Shooter (feat. J. Cole),7aqfrAY2p9BUSiupwk3svU
Booba,KOA,0eo5HWCC0jd7z9YBKNmAy0
Taylor Swift,Anti-Hero,0V3wPSX9ygBnCm8psDIegu
Luv Resval,Tout s'en va,0cf1gWT1VpWrxxgjjIiH4V
Sofia Carson,Come Back Home,1I4dwH7C0jBAEtz5DjlJgQ
Laylow,IVERSON,5ZjEm81TYFPfE6Ddc0memq
Laylow,WINDOW SHOPPER PART. 2 (feat. Hamza),6wFP7BMVFeA6cxUUyTrIxN
Booba,Dragon,14vp956PlLOMun7sDqJ1f7
Laylow,UN RÊVE ÉTRANGE,0L1JUpc6bjrBvK9pqMTGcb
Laylow,STUNTMEN (feat. Alpha Wann & Wit.),1YEs58i4G68twRzYaFEu7T
Laylow,WINDOW SHOPPER PART. 1,29GT81KcfMhfYV1BSpL3p2
Laylow,UNE HISTOIRE ÉTRANGE,1LqDW54jByEjfZJMadiLJU
Laylow,LOST FOREST,1SWNxL41LgHnQNu9hFkHGY
Laylow,Ça Va Pas Être Possible...,4zj8DE8qnT2uBpnFABjwkk
Laylow,QUE LA PLUIE,5WxF9OZW6Fn5AN26J3RkWW
Laylow,HELP !!!,1jZOcCrw6nyHnNcqYKrr6C
Laylow,Bonsoir Mon Vieil Ami,1SD6wA55Ok0E7I8EIofMXc
Laylow,Tu Veux Déjà Me Dire Aurevoir ?,6d7BzQtjmiHAIrZ43b4Hwa
Tom Walker,Leave a Light On,6lOWoTqVnAWXchddtTH31W
Vald,Désaccordé,4ueL4j6iOPX23UG5VsvGrm
Moha La Squale,Bandolero,7sL89oFc1AcgjG5Q6tCkID
Marwa Loud,Fallait Pas,3VopW4TAhthIq3N4mAXwhY
Orelsan,La pluie (feat. Stromae),4cYFep5SECqb4EsSkF82e0
Niska,Country,7k5HgarMbFipRP0y1Ko8Fc
4Keus Gang,Le temps passe,6k2nDoDIpAp9wss5Uf72o6
SKG,Casa de papel,7yJ2B2cvNY4sYLkTf8iB1o
Lartiste,Vai et viens,6dAx0jUY9lnXEtBiK7e2ZZ
Ninho,M.I.L.S 2.0,1qRZfv2ZbAZGPnfbIV3YvD
El Profesor,Bella Ciao - HUGEL Remix,41hAKBCtTuRH2aItnktHJI
Rémy,Bella Ciao - Bonus track,7gjomZsYYz3mimESUqDpE0
Camila Cabello,Havana (feat. Young Thug),1rfofaqEpACxVEHIZBJe6W
DJ Snake,Magenta Riddim,3dsyqPDiWYYilRZNBxgxHE
Vegedream,La fuite - Vegedream X Dj Leska / Edit MIx,5Lh8rn501oEvsIJjPxNBhE
Lomepal,Yeux disent,0RsI4r9abN1pSFJro36Hon
David Guetta,Like I Do,6RnkFd8Fqqgk1Uni8RgqCQ
Tiakola,Atasanté (feat. Hamza),1oXn8nhl44cH6HXqGQnOgY
Tiakola,Roro (feat. SDM),0ikMJLqx8rq19jb6tIfD0R
Tiakola,Si j'savais,1bgL66Umw2xitBzjQnRSMx
Tiakola,Soza,4TdKWdXDQlxzt8UPPIGT1i
Tiakola,Coucher de soleil,5b8HQKrrfFII9kwOgDBmiK
Tiakola,M3lo,7ELft1cx8anhsXE405kckI
Tiakola,Parapluie,6I0RkppLUfiUt1KoeF8u2G
Tiakola,#TT,75kfVZGTaEeCDFjmujt1qj
Tiakola,Riri / No camera,5gIw1KJiXhrpnKGPcIY3YC
Tiakola,R.I.Peace,4wOMdLN4ckCqGC5wp8Bz7u
Tiakola,La clé,2JBnBUqpC3hrhMZv1Z9JKO
Tiakola,Arsenik,4bSbrbMLExS6H5OCCqjsmm
Dinos,Du mal à te dire,6krr1QQpT7nN8fjLjdWXIC
Juls Vaino,Hunky Assassination,2ployNTWFPoe0DGC86Ivir
Djadja & Dinaz,Manège,5r6vHUbL1k7wNXm1yGtXaW
Jul,Le bouton,4EwwlOmzOgdXtbcRxccBGz
Zkr,Freestyle 5min #11,4mNDKJGdcdt20KnZOIglRE
Jul,Je n'ai pas que des potes,6515c0hOsfWseNRCeO1kmw
Tate McRae,greedy - cassö remix,3LdBhYsPBaLzkL8Cupe106
The Beatles,Now And Then,4vziJcnB2Qyi9o4nIRUeN7
Jogga,SKEU SKEU (feat. wilsko & 7ia),0sZEwII5Qe3r7izOgdOvLT
cassö,Prada,59NraMJsLaMCVtwXTSia8i
Maes,Akatsuki,3w9OyPSIXaD3kKeFhJoWaR
Sia,Gimme Love,5o4XJKRxUK6nXhFLAIS33A
Tyla,Water,5aIVCx5tnk0ntmdiinnYvw
Rsko,Mucho cuir,5Iol6n8dmMjguHDCc8WUh2
SANTA,Popcorn Salé,4MpqiN2moRQR2t0DO43MZH
Josman,Ailleurs,7ujxY1bqVRvMe1sR5iFmxt
Ofenbach,Overdrive (feat. Norma Jean Martine),3bK1zVFBKIzYjmptmI4NsJ
SativaMusic,Seya,5EVY9jwZDhgyLDyNGCGWYh
Josman,Problèmes de Riche,3ssRqeOxEqTUZjsMuDeOU9
Josman,Cohiba,7e5vYAwLS9rNuPnUHDXgSJ
Jung Kook,Standing Next to You,2KslE17cAJNHTsI2MI0jb2
Joseph Kamel,Celui qui part,3iJQzmcPnLrTC7WOQ2kYUt
Bad Bunny,MONACO,4MjDJD8cW7iVeWInc2Bdyj
UZI,Akrapo 7,1C6E3aZ4S4fMN1HIgj73MQ
SCH,VNTM,6wyvsRs4LXPJNH5DgD7IXU
SCH,Otto,6GzVDBNNPqBa465hLchSvQ
SCH,Tokarev,16znV4n3VrHaHIkNcU5s6c
SCH,Pharmacie,5mHp6ulR4rvScb4ubFsNad
Johnny Hallyday,Pardonne-moi,6PQAihC4JERibFvkTUQPXN
SCH,Facile,4ai70kw4ToHz51iKd7VHA9
SCH,Skydweller,7mhngio9CplSUyfntAfHjm
SCH,Ivresse & Hennessy,103RSmpzH53y0jNbhD40zi
SCH,Mort de rire,0sTy94OcVYrGPezUHdFw5h
Koba LaD,Train de vie,6FqNHDHEsUTKqVWXBkMd9y
SCH,Incompris,3QmTfoRlojs7PiLWl1ZP7o
Columbine,Adieu bientôt,17y8kqTbNDd9QM3j6yln4g
SCH,Bénéfice,45B8Dirdyo5wVKslxLO7Hu
SCH,Ciel rouge,4f9K5OLNwnn1XWN8HhKzyF
SCH,Interlude - 420 mètres,1q9nekDp7xeRatReyA98Co
Gato,Haï (feat Booba),3XSR4WYp4BbH8SOCshJK6i
Soprano,Musica (feat. Ninho),4hdwmvZ5IhBE5QhtxTQkNv
Dadju,Je ne t'aime plus,4x5UoACiDpFjqi2sMgB2QQ
YG Pablo,AVM,3SmVGTMCmarY5aMkPRQWGD
KeBlack,Tchop,4J1Xsr38zb9BjM6QraKLqK
Maes,Prioritaire,0ros7xksydHb1p0qraQj0E
PLK,Cash,46dmfqeT2mzwKbSBD6V2o3
PLK,POL-AK,614wjfYMFLyT3fILfpny2H
PLK,Pelo,4VcB0rnLW3Q9vvEbL5nKdv
PLK,Pas de sentiments,2Jqwwo5cUjQZ3d43BuCVlk
PLK,Panama Bende,0h5KJnkDMA8fZswm7thalY
ROSALÍA,LLYLM,2SiAcexM2p1yX6joESbehd
Damso,Δ. Dieu ne ment jamais,6YWjskKykdPsBuiTBOg1VK
Leto,Double Bang 10,7bzZyGUsE3WRBJle203iUN
Josman,F*cked Up 4,3xuD525IYunO9mFgQd8wQw
Josman,SEC,4sfBwbI8FuO209wWdhnMV5
Josman,Décisions,0nKIP3bNERxv58t6z4ksIO
Josman,Goal,6DJGTvJuaJ8Q7HtbQgzAZh
Josman,Doré,5OWgEWiOCjdM3stWuBRr1Z
Gato,Piccolo,6QP2nfR8nSh71cAQAwz7Ld
Selena Gomez,Back To You - From 13 Reasons Why – Season 2 Soundtrack,4hQ6UGyWQIGJmHSo0J88JW
RK,Moscow,6tdd3zR2Q8p1VgqvsGvtju
Suprême NTM,Sur le drapeau,42Xesu4U4nM3CCjMk5X3kM
Hornet La Frappe,Rolls (feat. Lacrim),3iYv5nIthPXesF0DeuhmVL
MHD,XIX,1QE5ZA4YsqWdIAK7DGGMT2
RK,Qui je suis,5ljnqaI6x5IaYxKQ86eo6B
Kanye West,I Love It (& Lil Pump),4S8d14HvHb70ImctNgVzQQ
RK,Mon reuf,3r8mIGZFYH10rg7X34RmmI
RK,Dans ma chambre,7DM1INNIqjaHNcEoDgc9ws
RK,#DansLeTierquar (Nantes),3MQuCR2TFmqm34qvckAVjJ
MHD,Encore,0zMh8TfG17o2omRXPGKI3w
Hornet La Frappe,Même secteur (feat. Heuss L'enfoiré),6goHH5bPPiSkrA45xFFrIP
RK,Cramé,7v1lXEuTjSVsp8Y0V6I8lJ
RK,24 carats,1leeEohWV02ifmrJPC8vNY
RK,Tierquar,6d5zcYtRiTu6MLgWh7HKOc
Koba LaD,Oyé,1K6idVTyVwb5DIEkCEf06y
RK,Pas les mêmes,0sl32EXdMbB9Ml5ZArh04C
Aya Nakamura,Cadeau (feat. Tiakola),4serT1J6lu8eTsMMG9VhF8
Aya Nakamura,Daddy,43eoqH9CIZqy7VXLnwwMnu
Kekra,Ingé son,2kJeLSnGbiFN6j2nARWhzU
Aya Nakamura,Chacun (feat. Kim),3GyhxHaxCe3tPFMAHvMmoF
Mister V,Match,5atXcF9P7BvCIfCwpALYXB
Aya Nakamura,Tous les jours,3AcobHbeLi6HEnh3UNYgjV
Aya Nakamura,Beleck,5bf3qVyRtIpk4Ym3JHalWk
Aya Nakamura,Coller,23Pyg6aIRZZCaruhriSxcv
Kekra,Lakehouse,7ezc628aLB7kcFYc2HDO1I
Josman,Problèmes de Riche,3ssRqeOxEqTUZjsMuDeOU9
Josman,Les Flammes,4i6CKsl0vgzFF97h5nzpS3
Josman,50k€,5SN8g3koBFMIJdB7icMzk3
One-T,The Magic Key,1VsuSOEVhuCaybeb1rFeCM
Josman,CARLO,2rpbU67Z8u8D21wdP9ObRU
Josman,P.O.V.,2mZaUAjM2b6GUGwHMOjgQf
Josman,Yacht & Champagne - Skit,5ai7jBIyIC7KqJ4j0qJxfT
Josman,Cocktail,2jH0AqIwoPWMtG1d5z1J6a
Leto,Dans le noir,70bMoHeE4bJ8AwP3qrUe1F
Josman,Cotton Club Freestyle - Remix,03taSSoKs2Q6Y0oH5t78Kt
Josman,À feu doux...,4nyBlmu7zQiuaJjIGKe1qQ
Angèle,Libre,5h9OvsTeNydBaZp7swQubV
Ninho,Binks to Binks 7,3jJB4kVDO6k77JnErb57JY
Angèle,Solo,0AeVbdaEJhOF1RbHv7SoC6
Angèle,Taxi,5Mp9GMJ8HODxuy5ebsRPOB
Jul,Ma Casio,1apzdrkCKnAVjWV8h8Rj12
Angèle,On s’habitue,2ngapdDfxjdLtLykbu6Uv0
Angèle,Tempête,5qI1ToAUusnSsq1I9NLJqy
Angèle,Plus de sens,7HEKgyGKb9oil5ZrW7cHH4
Imagine Dragons,Wrecked,7noIBLCeMUGRLHDi5id5V7
Coldplay,My Universe,3FeVmId7tL5YN8B7R3imoM
PLK,On sait jamais (feat. Niska),216QmkNpU3hIjeZtGocb9B
Kaaris,Deux Deux,6i6oEluI3N0Cw2uTxwJwKc
PLK,Chandon et Moët (feat. Heuss l'Enfoiré),4XEYHjp86yaGfZOGT8CqPV
PLK,Dans les clips,3ayqflelDSFQFn1h4Fsz19
Kaaris,Sosa,4Nyaej7ivlT12w47daZTJq
PLK,Bénef,4pLKXZKr9TsSS5qBQtSIVz
Kaaris,Réussite,413i0iwGJVo7iaBCiKuAyM
Kaaris,Piquée,4Da7g7NjOkjJ6r2wfmJ0a5
Kaaris,1er coeur,5FhuhHLuXrYQHizyCLMpnR
PLK,Billet d'20,0He5zxKoSLLiIiJEdnJ3nk
Kaaris,Mandalorian,55GiR4i6nOypojmf0EOUQc
Kaaris,Ultra,6u5ldp7Lvn0xamWz6FgDdh
PLK,Pourtant,47wyFDQKlZ4ycYTHYqOelQ
PLK,Toutes générations (feat. Rim'K),7uKWxxcwpY4f5Tsy3fA6yR
Kaaris,Lumière,6EGsHgFymg6jmyDOVPP66e
PLK,Dégaine de bandit,6bSweurF9JN4l3o5zFeCJo
PLK,Alleluia,4FENeW1gtem1UDq0bI4BN4
Jul,Ça sent bon,1jNx8kPZZDu5RMNXS7AKMS
Jul,Pour la street,72j6CMlN5NCzF0oLMyfFcQ
Jul,Eh ouais fils,67ya7abHhAXsYGg4yg59UU
Jul,Je suis pas ton pote,0ucEyG8AH7212ESdvVjMci
Luis y Julian,El Bravo De Sonora,04VpMSvQPb6Flr1nfZMR4v
Jul,Confinement,43vshTH1MShmt5sKJn9DTn
Angèle,Tu me regardes,26BdVNA5Fg6V1myBcxMjdx
Angèle,Insomnies,0YeJcZKvg8GtPk8s4yUrpr
Angèle,Ta reine,3iXhLi33EpUfcOwasC8un1
Dadju,KING,3qgtLUW9olYoIIEB7yHSIm
The Weeknd,Double Fantasy (with Future),4VMRsbfZzd3SfQtaJ1Wpwi
Lomepal,Etna,775qtHu1rNoq1N2aKFa4nD
Lomepal,50°,2yl8lePeFcQAPJKef8AM93
Lomepal,Maladie moderne,7AoYApfKZO5jADcj7AmWg2
Lomepal,Le miel et le vinaigre,4gPVkvBL2TSyk4y4feOkot
Lomepal,Crystal,2Hkj54nCgTnGOqJ3DslNQJ
Lomepal,Prends ce que tu veux chez moi,4Gx40GXz92VgLvVTi9ns17
Lomepal,Pour de faux,6ySYehW8e6YRC6Cyw453SV
Lomepal,Auburn,4m3X0hcI4dZdZ802yxpm35
Lomepal,Skit il,6iPAzooWzFPQHLBBCNFrV3
Lomepal,Skit lost memo,3pW8ZoX5PEaTImlcCmPn20
BLACKPINK,Shut Down,7gRFDGEzF9UkBV233yv2dc
Gala,"Freed From Desire (Slow Version) - prod. Molella, Phil Jay",1KiWU9ufjFN1CHhbvWkZMi
KABONGO-DJ,Merci les bleus,0tFY357QKe2GKvjcWA1kxK
Oxlade,KU LO SA - A COLORS SHOW,2WigMwGJysIh9fRnSJvpjn
Jul,Aghju capitu,6c14gGZ5ujZdVLXAjqtCc5
Jul,Love de moi,1l4XLRKNpfizZFreNAc6DU
Jul,Beuh à la framboise,7Av34oWfL5z6zFRMa3Q0n7
Jul,Toda la noche,1Nht2kJWRqq6upZCOTKsSA
Jul,Le charbon c'est le casino,0iX7dJegar7JYkaC3V6qY6
Nicki Minaj,Barbie World (with Aqua) [From Barbie The Album],741UUVE2kuITl0c6zuqqbO
Kendji Girac,Pour oublier,3wyQDkVQ4ZyV6TbnUxMbiU
Eminem,Lucky You (feat. Joyner Lucas),60SdxE8apGAxMiRrpbmLY0
Zazie,Speed,5muiYSjAkI6rHSlyGlZ0jr
4Keus Gang,Vida Loca,1ckjp979puomR9B1k92RHD
Koba LaD,Aventador,4je4fmupGLC9rTN4VgZRgY
Pedro Capó,Calma - Remix,5iwz1NiezX7WWjnCgY5TH4
Heuss L'enfoiré,Aristocrate,7gNlaZaMIjRUfnAYd9Dvmt
Kaaris,Château noir,7CAZp2oaUNJ47vtAZDfKn6
Hatik,Waï,5wXyc43xoJKRJ6vmTeVRHf
Kaaris,IRM,6YnRt0XbWs5NbIPYFMpFLN
Koba LaD,En gros,5ph6a0ePNutuCfE2Blep0P
Koba LaD,Dans l’avion,6XmX5N77W98RkZThMYMWQ8
Koba LaD,5H55,5GPY3YH3ViZ3FVL0jerEde
Koba LaD,Chambre d’hotel,1mP8Gy4f48XnDqnfGeUT0k
Koba LaD,Cité,5pPBswLhOoDRTt6ZfgwhAQ
Koba LaD,Helsinki,4KIWuoqHM2VQroFwk19oIR
Kaza,J’aimerais tellement,7ey5InDMQqScxDUvF1r2pq
Ronisia,Atterrissage,4FXtLAFrS3QHnFqenBiKAN
Koba LaD,Bedodo,2kryfVJBmmGeZUHP1sQLyf
Kofs,Le Fameux,4wZhBbDiMr4lwYyWv2iRAZ
Calema,Te Amo,5p1eiAHN5xYAMrSUDKxidI
Koba LaD,Cramé,0XUkVNGuNPWTydXoauCs1J
Koba LaD,Tue ça,7JbCD3He9IjIewMZpjGpK2
Ninho,Kitchen,2WlfXhXaevVDEzjAXgzZ6o
Ninho,Mac 11,1ZS6uTZEy044hVi2Q2vQv2
Justin Bieber,Lonely (with benny blanco) - Acoustic,4fKiuIavbsoTRZ6R7xuAyT
Dadju,Elle me demande,4lzzNRBO7b9yvIJCkz5rLR
Dadju,Va dire à ton ex,3NQMTWFuMShrAuvTwdW7d0
Joel Corry,Head & Heart (feat. MNEK),6cx06DFPPHchuUAcTxznu9
Niska,Giuseppe,1XnPRxd67vVxzBCiGLXLxw
Hamza,HS (feat. SCH),2JAO138j1wJjQ2mmm7aAbP
Alonzo,Assurance vie,3CuPFaDSBw27evoUQfqHKL
Sam Smith,Dancing With A Stranger (with Normani),3xgT3xIlFGqZjYW9QlhJWp
Koba LaD,R44,09Yh7IlRF6H7ImSqDo3Ekd
Vald,Sur un nouvel album,7gaXVyPaSqUwIcLPTrnHLm
Vald,Un mot,2OtS79y1U6ZbuHkP4AzFs0
Vald,Regarde toi,3fd1m0WrUUkntWM2EnLS2Y
Vald,Rappeur conscient,5UgxIxOJKTSW3MEsyHg64S
Vald,Je ressens rien,1UyBDxF6P4WLJphGiF9djD
Vald,Happy End (feat. Suikon Blaz AD),6xwhUh69b89aLTeYR2HH8r
Vald,Laisse tomber,258QqB2zhweDE2ZLEtT1GU
Vald,Bien sûr - Bonus,3F4ujQNrH5qbEA8cAzxYUR
Vald,Qui écoute ?,3jTpDWRLWpaDSxdBDJnXaL
Benab,Sourire,619SqmXi8PXC2vEmfzxpsu
EVAN GIIA,Mood Swings,00iyxe0kMzUToM6ie2nKut
Kaaris,Livraison,2iJDXW4iMijCSixQUC8nmz
Jul,La bandite,0goer5e8B6SJaTV2B51k6f
Jul,Salvatrucha,6e7d2cSCiKESCPOyWsiQeT
Julien Baker,Tokyo,0UqHCQtncucJ4hIERq5BKH
Jul,Sous la lune,6hKkzk8UlVUj9ioPCyeH1O
Jul,BDG,3feETb6mE9IuVf5BQAYznv
Jul,Professor,37jElFVketOXG2dLhjQU22
Julio Iglesias,Hey - Spanish,3X8buu765D59qlQ6z78I8A
Jul,Je parle pas chinois,7xVZWpTiJI1BLZN3hTfXAY
PLK,Arai,42GwGHEjGiQxrRLwVV2juY
PLK,Cartelo (feat. Maes),2x6s64X4Ewlxzlr9ffdSJH
PLK,Nana,2urNDG0UgnGIYw50nVL0fs
Niska,Stop,5wFz9pwFowDIzpRGH7smHp
PLK,Travailler,0NJxYgozWjG10TZO4UlZLM
PLK,Tout recommencer (feat. Tessa B),5nODbxjT7KZt9cUX0xJwQs
PLK,Meilleur cauchemar,1R6yNhVjyRb6Z0ukyNteQS
Niska,Valise,1sSypXfVuC2Ex0whkbShf0
Grand Corps Malade,Derrière le brouillard,6r6nk82xSKVf9SoJTY1w2p
Jul,4 Juin 2022,14tpxi2KGWtpWynzGP0DJt
Naps,Sensas,142JpcXpYMTXqxfwr5LthZ
Naps,La Maxance,4QOJFimR0EQPF7bSiIyccl
Jul,Ténébreux,02kTjPK0S4Vy20kGsAtBXZ
Naps,Bogota,4cBHYynAohb1fHOtIDiNCX
PLK,Les comptes,115DMiJM5Pes4brNvBGlAM
PLK,Mamie,6Ni93XERlCTRDLNkbHMEni
PLK,Au fond d'ma tête,3V2KQy8tTU9AdHxs9FKCAc
PLK,Calme,75zh5ahRARhfWv2PQHYmkG
PLK,Terrible,7jC1pnESBqDsbGuIq2ZqhZ
PLK,3 en 1,50EgrBo73WiBsnLcb7TtVL
Leto,Mélodie,3Ba9EGhbj9IY4qVPGJjWRn
PLK,La vie c'est marrant,46u6O44XHYFWtpcLoCKRUr
Leto,100 visages,2GaNnc4E24c6NrZaY6NjE4
Heuss L'enfoiré,Bx land 5,3i08PgW1GNd0ETLC5xfgVK
Leto,Mozart Capitaine Jackson (Épisode 3),2wKJf5DYV6HgTogIpjGHyQ
Leto,Tristesse,5l3j3jqlUQ7O95VqDaVCpf
Travis Scott,K-POP,5L3ecxQnQ9qTBmnLQiwf0C
SCH,Je la connais,2bNtWTLdqUGhLZqWUGPNvK
Måneskin,BABY SAID,2KReCz1L5XkGIBhDncQ5VZ
Kalash,I Love You,3PyznUqNXz4O8woVOvvUh9
Shayfer James,First Date,4Y4Yv5lcjXHnkdl9OSKqDp
Green Montana,NEYMAR JR,3ejRaW9IZCWkr15JN2OpQO
Jack Harlow,First Class,0wHFktze2PHC5jDt3B17DC
Maes,Dragovic,3wSdpAUYB0UuNekEcDdnjN
Maes,Elvira,3VxDCnNHD1mtXFGFDPqhe4
Maes,Mémoire,6KKVQRfk2pRAXrOt08SfpL
Maes,Police,7hrZQ1Z5Cyw9Y8LghrckoZ
Maes,A côté de moi,5S7RVfMKBkikdfObKHwI2e
Maes,Les gens disent,7vuDhgmouJEaGsvqBllrzr
Maes,Etoile,3U0yYPdyHy4jJ0igQ2g78R
Chily,Tout est calé (feat. Koba LaD),3iFaIzKkI6R3Zy3AAgwvvy
Maes,Marco Polo,5S5IXw7j7o0uWD3hFGyt7p
Maes,Chromé,2ac7X8C4qYWtNeu0RhkFZr
Sofiane,#JesuispasséchezSo EP 12,2e13IHEwI3KgzabMnx3RwY
Eminem,Godzilla (feat. Juice WRLD),7FIWs0pqAYbP91WWM0vlTQ
Orelsan,"La famille, la famille",3GcASMMfgd50NNLhKPbNyY
Orelsan,Adieu les filles,5ErSZOUrl3j1CIzE6L5k3P
Orelsan,Epilogue,08fiQ3uoQjtcLyOd8KLRiF
Orelsan,Mes grands-parents,6lcECxbGnYFzm2w3t0L3uI
Orelsan,Fantômes,3rFzeoxZ5FxxQQmoeCfxkj
Orelsan,Tout ce que je sais (feat. YBN Cordae),2YDZ4z1Na2c2VNAv7AyV3d
Orelsan,Excuses ou mensonges,3oqDdPAPZI7IOrCesHKc4i
Orelsan,Dis-moi,3OWBOEGJbotTfzi1k6s2LQ
Mylène Farmer,À tout jamais,5FXcUAuNYjbom1e27xxuqb
Mig,Encore une fois (Maman),3fWhjGSW3jCVL6uLfl6Qlm
Dosseh,"Plus belle la vie, plus belle la mort",0harW9fyLNrgUagjUF9g7s
Julio Iglesias,Baila Morena,2qghLLpWNLzZqtq9I0t6hT
Jul,Ma drogue,2AFT8fANFNiYV2ua5hkrS2
Jul,Gigi,0qPKOJg7KdbZcm6bLTduO8
Jul,Sur la Costa del Sol,3SaDCpnDdHiCTE2qz3YgNs
Jul,Faut pas (Extraterrestre),6e8HGI9sOV6CzAsbmxfNuN
Jul,Sous la Simond,4k8Gzga8HkGjxyIqXta7qm
Jul,Comme au bon vieux temps,22pVMtbZDVh6AKYqnyfQlE
Jul,Flouz,6G0PrKrDyujLee8c3FOXLI
Jul,Avec José,2WXnSSGToID9UFzIbDOxd4
Jul,Courtoisie,3evcGzvibUmeBLdjdO6Fma
Jul,Je te veux toi,3FNc92KG0Zxzvtj3ZkGIxb
13 Block,Fuck le 17,5fuCDbUO4N25kp71MunbDk
Maes,NWR,4tWVLBZ3EiSqegpf4jBsei
Ninho,Yo moko oyebi,1FL0ARGtpiazj5nxwP6a7W
Ninho,Branché sur snap,0aXmmrsk2ZcnAlclHqkJCD
Ninho,Edouard Nahum,2Cm9Rcjwhti6X76Qp4SyIH
Ninho,Respect,2DXLcRrA35gTqnqcbMVH0j
Ninho,Dans la peau,4V2jAkCdJEfatC7iBy6GmK
Ninho,Plus qu’eux,3XXoQ40P5yk3LczUTg0KDR
Ninho,Grands ensembles,6RUa5XeeFLPA0pCfHdILTJ
Julius RD,Tropical Mood,5mgLYzEoirf8wrvo2DgERg
Sadek,TP,4aslqUfhnz7lYd8mEMIToq
PLK,Hier (feat. SCH),6Q6BdryxrNVYUXxqug5Dyo
Dadju,Sans thème - Remix,5GE45RTlt0COoqSkPONMwb
PLK,Waow (feat. Nekfeu),2q4hIY1vUXteMtkaoNDh5n
PLK,Monégasque,52iVuTAP70Gy1Uy9xkr2No
Angèle,Nombreux,59HKbTnmmFONvKLAPuc9rF
Angèle,La loi de Murphy,1UQKfmCH2wxVXTAVMUXiEj
Koba LaD,Moments durs,7cHRpZZsPiRVmHC3Plx514
Charles Aznavour,Emmenez-moi,61Yh6AEwsba6RYsrWiNmI0
Angèle,Les matins,2zWpMvvYIOeklOAalITppF
Koba LaD,Chambre 122,3dmSfpPj9OdlU0Mbbs7p6m
The Weeknd,Alone Again,6b5P51m8xx2XA6U7sdNZ5E
The Weeknd,Hardest To Love,6kWxIqQDsKFYCJGbU4AjCX
Vald,Ce monde est cruel,4sVqufkRucC6hzUBzxKmdd
Vald,Halloween,15zOksChrybh5ObqKfVPJY
Vald,Ignorant,4HFNOLnLuwxOHq5lnE0pZQ
Vald,Keskivonfer,1as6M25UJBpCHuZuASrzPi
Vald,Poches pleines,4C19GXhZ9i83Bd11tF38yv
Vald,Pensionman,0d064qWNSKBDMekOIBZvaS
Vald,No Friends,0BP8fwuCtU8HxJprxTL5rZ
Vald,Pourquoi,4CcV1Nsg3zYvpw1qcRXBge
Vald,Royal Bacon,3uqREEwqPc02nX8m3SF4jM
Vald,Rappel,6WD8BChZNMRIVXySd9sxUc
SCH,Cervelle,4e2q9avvbOM0yjPKE2X0ea
SCH,Petit coeur,6FcipTcY8VIJsWhMo7bbsY
SCH,All Eyes On Me,6zc8CRXBNH4vwzmCEDOjkO
Lorenzo,Power Rangers,2WZ09SXfgwAdBXB0KYK6ec
Lorenzo,MBK Rocket,3aleQrFycCdgq6DpxEPBKn
Lorenzo,Kekchose,37hHrul3I6scYFpDjMQyAW
Lorenzo,Sexto,504JJmqZZnsfeWz8nKHKia
Lorenzo,Impec,3OD2mvxW9oxfcSZFm7Eb4B
BANDA SAN LORENZO,Nanaka Charorari,3V7yNb13Fl8mbezinZKkAR
Lorenzo,Parler de quoi,1CRi57dnDreq63eKHSCbHA
Eva,Baby Boy,3Iq4noPxJ1OEotP3HmsrYJ
Billie Eilish,Happier Than Ever,4RVwu0g32PAqgUiJoXsdF8
Larry Clinton & His Orchestra,I Double Dare You,1lfqJHMX5yvJQlvS6KNot5
Maes,Distant,1Sb7QJRawbARgpMqyYNMkT
Dean Martin,Let It Snow! Let It Snow! Let It Snow!,2uFaJJtFpPDc5Pa95XzTvg
Larry,Block,0yVPwf4vpeGum3gF1XMCWQ
SCH,Dernière ligne droite (feat. Laylow),25ph3mbSI8iOkaNGPtrUwk
Joé Dwèt Filé,Délire (feat. Tiakola),3oJ2vqPcNXeywOzmXDORj6
Guy2Bezbar,Guapa,3Gl6hZ2HU7IRqPOF3r7xPd
Ed Sheeran,Merry Christmas,1Blh7TrYwKlVWYObhQnc2f
Ariana Grande,Santa Tell Me,0lizgQ7Qw35od7CYaoMBZb
Kaza,Pare-balles,18OLdQvxxSRNQbzGWNMGIs
Gazo,DRILL FR 5 (feat. Hamza),44DmnZDl6ZZ0lPtgZansqV
PLK,Chandon et Moët (feat. Heuss l'Enfoiré),4XEYHjp86yaGfZOGT8CqPV
CKay,love nwantiti (feat. Pronto & Eunique) - German Remix,3epO5ppMtvp3wTdDXepwYY
Naps,Avengers,2YAgixJPrOiEZSgZMlmqqF
Gazo,GROKUWA,0RnWcpTwUpfzPWGDjajX0o
Naps,Chicha kaloud,7aAGyzvSuNBaXQWK8TeZIG
Naps,Chiron,5l9KE7ksArbVrF5peNq3zA
Harry Styles,Late Night Talking,1qEmFfgcLObUfQm0j1W2CK
Timal,La 15 (GSXR),5KANzscJcnk2n4CvtTOiZU
Tayc,Sans effet,30RBuEKVJ2UXimaPtwAEIa
Alonzo,CIAO LA FRANCE (feat. Skinny Flex),61o6OHdxbrVzCidLzg3u89
Alonzo,PLAQUÉ 13,046RrWqGgrw7siqkmhNfxu
Mentissa,Et Bam,3qYfcGBdH6Nqe18QTGgfXz
Robin Schulz,All We Got (feat. KIDDO),1FP9s72rDYty6mfoOEYKnE
S-Crew,Encore,3AWFZCTtJ225g6GZl12ToZ
S-Crew,Chez nous,2W6Wa9WQYKskMyCk35zyR1
S-Crew,Maintenant,7dqUEX8cUv22oiK6UHFZMn
S-Crew,Manque de sommeil,2EQ1rPbLjeAfGIoT1YheVN
S-Crew,Drap sur les opps,3lYJfW7Cdyrz8PNJ4HIqQ5
S-Crew,La loi du plus fort,6B8weBKcdSVs3LbS8E6Yeb
S-Crew,Ouais Boy,58ZIGH5xMF3FVrXhFwp1p1
Hamza,Dale x Love Therapy (feat. Aya Nakamura),0sMcHdKAjVSNuNnPchQu4S
Hamza,Validé,1hGwyhwU1cYUVce7i4d0hZ
Hamza,Audemars Shit,23C92tGAEx3hJhs5IVq84F
Hamza,50x,50FHmxsLg0xFT53D9DoZLm
Hamza,Paradise,6hEPJVBVeAe3Hc8pCbT7lI
Dabs,Tes rêves (feat. Maes),7IbYpJ3E1LL5ihYPGqAipQ
Hamza,Sometimes,0SzW69DvRPldNy6Qx7NndA
Hamza,Minuit 13 (feat. Christine and the Queens & Oxmo Puccino),1fTGud5T8TUecNuEFVMD3y
Hamza,Réel (feat. Zed),2Ilo9KNm4tD3dQhAVEnhvn
Hamza,PTSD,13ZsYnnX3ZVsbjwiPMnr2y
Hamza,Keke,55iofhgDUt3PDZadpqbHAE
Hamza,Spaghetti (feat. Gazo & Guy2Bezbar),1Ujvp85FTkDkCdJPPM21wI
Hamza,Don’t Tell (feat. Headie One),1DcMWQ5AtAACPLOnxU8yu6
Mister You,La Costa,4reODQeIoWhBgXe3nZmehp
Hamza,Fake Friends,0LU67n7uL5RrjB1m1cYSKt
Niro,A qui la faute (feat. Niska),2OXCeVFF5vu0bk45poTCos
Leto,Sur le banc (feat. SDM),4uvnHIXK2Pk1AYjBLI5IYG
Leto,187 mesures (feat. Ninho),46TdVjDXpTKcPqsHItxDKn
cassö,Prada,59NraMJsLaMCVtwXTSia8i
Softo,Mauvaise Nouvelle,4ckEvXcaBNkzjtqbfYxXGe
Leto,Toute épreuve,5upp18sWYDfl5mt22PkpKJ
Leto,Vovo,2ohO63bidj6AMGmRxqWGt0
Aya Nakamura,Claqué,3uU8bm0UkHc8g0omL5vbRw
Jul,La pharmacie,5a7SbbDQMBeJoFhptn0srt
Jul,Brouncha,5Qpkgwxk9YKU5jbQsVoA7P
Jul,Sous terre,5BNcAnuB1uoy1P3C6erAWL
Jul,Son ex,3aMMCZDj2vuf4JGeeRal8Z
Alpha Wann,ny à fond,0fQvCnVBNvcKOSfcxXPbNC
Jul,Un autre monde,1afzbEgk5Xyiar4B8ilLOE
Alpha Wann,philly flingo,7CAoGOFte5I1unfkE69o4w
Nekfeu,malevil,4Yj4iJa1z4WUjas055JARZ
Lesram,san andreas,5xyvfCjVyV3okzDhdt4PaA
Jul,Guadalajara,6bCjFROTOhLSs3iwyJZgXc
Brenda Lee,Rocking Around the Christmas Tree,1rKlnhigpdkzxVmqTnMMTI
Poupie,Feux (feat. Jul),0rZiJ3NOX6KrpSP1LGXSua
Jul,Je vais pas redonner,5KxC67azaxTWx10PS5o37f
Michael Bublé,It's Beginning to Look a Lot like Christmas,0lLdorYw7lVrJydTINhWdI
Roméo Elvis,Malade,35e7ckbWgHjHI9n3oL6jnd
Shay,Notif,7BJcmZWeI5FGSxb7E6wkCR
Zola,Zolabeille,3jGpGXoSwhyTNGew06h1NH
Sam Smith,Dancing With A Stranger,0Cf29jdyWYTNku7m4NdEdM
SCH,Haut standing,7iuIofLDxuD3BXmUmStKWR
PNL,Comme pas deux,4NGcxBAtvLtbeizQul82iC
PNL,Ryuk,50v2QOArNfK21a4xV8O5QM
PNL,Bang,4Y5GzRVcPkBX01xxWxVGH6
PNL,Sibérie,5JkBOwtsg2hfVV9LK2KDAP
Kaaris,Pena Duro,0Bqj2Umn6ft60B2pWXKnLF
Stefy De Cicco,Superstar,79DFRI318iJU1hvZnPzA4K
Josman,Brûle,4SsSjoHtxj70UG5W88i0Dy
Juliette Armanet,Le Dernier Jour du Disco,2Yu8DEe4uc8ApN7t7q0P4s
Soso Maness,DLB 13,64v5RSiSNrlLHRoynPHhQ3
Booba,Plaza Athénée,3zfX77h21GrlhsiOuYnZNC
Soso Maness,Toute la noche (feat. Maître Gims),7kmueDSUCCcDnEed0Tseow
Vald,Footballeur,2UnICGCIkxYsWnQ7taGnsN
Zola,Fuckboi,46csJmwu20GqzrcdPYqktC
Zola,Mojo,4TARePq30NqNL4mRMhoFhF
Zola,L1 L2,3wm5mdNBzwWVtIahLsGxeg
Zola,Ouais ouais,7pTCGpz43p0txphdsvWBNV
Zola,7.65,5NktAcJqpnpcEUUPGzdrFw
Zola,Extasy,54xygrEezb3bb7ptyFE4yk
Zola,Jamais,6eMKE9M6K8NBoqetCBB0uc
Zola,Astroboy,1Ub2zRIDNIpMpssrabPQU3
RK,Cataleya,4RPvjl3IcvOigNqrrpCmZa
Ninho,Vinicius,5ulkVxGCyEGYquP9pnpijX
Drake,Fair Trade (with Travis Scott),40iJIUlhi6renaREYGeIDS
Drake,Champagne Poetry,2HSmyk2qMN8WQjuGhaQgCk
Drake,Way 2 Sexy (with Future & Young Thug),0k1WUmIRnG3xU6fvvDVfRG
Drake,In The Bible (with Lil Durk & Giveon),61S79KIVA4I9FXbnsylEHT
Drake,BBL Love - Interlude,1mjAD7IYvI5UGiB7WnppMf
Drake,TSU,4s7QLoImIwmPi9L6dq1nVW
RIDSA,Désabonné,3bG2YplQWjGvlQ6VlPsGu1
Dadju,Reine,1bxP4M9ICllcg7mel8kH89
Maître Gims,Caméléon,4KXyGA8u0abTdNJj01VmWL
Lomepal,Skit Roman,4YQSkV3WppdoDuc0ZT8ai6
Jul,Je vais tout casser,3PzzaYK8NFBZskom0ms27N
Julia Sweet,Hallelujah,3nSQdZM55hMuvGYtfHfOK6
Lomepal,Skit Mamaz,1xFvizAFz6XQC0L3BLQfsx
Jul,Oh fou,0s3AaE6bmu6V9TEUPPdWor
Maes,Platine o Plomo,1ptc6l9dDHQr0I8nkVvh7H
Maes,Mardi gras,2xG9MTahbJg4AUoJNbtTio
Maes,Profesor,18nA8ZI7m46MjltcDX6Gj7
Maes,Le maire,1yL5VFJFgmNlhI5eIQ6vlb
Maes,Sachet,6Uk4vr3fMFKeUDLi3Kow5y
Maes,T-max 560,6ke02L3Y6YdWZ4CX9N2mWW
Maes,Argent sal,6hnzWiIEHMSUtqG4pJzDER
Maes,Özil,4o3jjdeWEMAXFNo7vFaIy5
Maes,Berline noire,1hm73YHdovKvv0JXc11Afk
Maes,Local,1LdaFvYwU9h5h9YqykbTmy
Maes,Hypocrite,6pSr8myzYgSx9Nu4TypbxU
Maes,La planque,6K6akPAJnlmA8igOEgurVc
Maes,De Niro,1I4YZWGWxX9B2LRAabuPgp
Maes,Quotidien,5oz6W1aS8mnLd6RIwme3CI
Kaaris,Chien de la casse,1LBS0sZ0NoyHTBI42DVvR8
Kaaris,Dévalisé,4bakC3n3NJX20PjasQ0PpP
Heuss L'enfoiré,Hakan Sukur,0EE5QfsVywpj6CycOUADk1
Heuss L'enfoiré,G.M.T.B,6geMLnj9ks5JaYNrjlOLO9
Kaaris,Monsieur météo,14pJnI0S5l5wEbH7ZKjVSI
Heuss L'enfoiré,SKCH,6iIwIZUAmwaWO7cypZSw09
Heuss L'enfoiré,Bx land 4,6SvDwwLRUxnUeAmmZbKDup
Damso,Même issue,3cAYpO073w1VzRin6ZDwUA
Damso,Tard la night,0td7ODLCcHFMyQD38ay9BU
Nekfeu,Ken Kaneki,08QXSGwwI8Qu4IQEV3AfM6
Nekfeu,Sous les nuages,1Fui5N8AtkDRG1Gmpq4Yk2
Nekfeu,Ecrire,7CnlMI3z4COC5WDzkKpeCF
Timal,La 11,31nVueZPhJMVw1TR5HkquB
Nekfeu,Energie sombre,0NAv7yKOYp9Y01QNI5gpWL
Nekfeu,Natsukashii,7yNe6X65ACqvd4MCF2R6TP
Luv Resval,AZNVR - une minute de musique,5bt380zWDlGAd3NmhOeZ3H
Travis Scott,STARGAZING,7wBJfHzpfI3032CSD7CE2m
Koba LaD,Honey,0auePCRIjTpJdVDSrZtF93
Koba LaD,Suge,6tG5G78USqn2NTHhApWFKU
Koba LaD,Everyday,73yBfOVcHng16TUFG5SuwP
Koba LaD,Tout,2SWBWoXNgduC3MtVamamZR
Charles Aznavour,La bohème,2o0hVSbnkdvDDKKVNaUxnB
Koba LaD,Recul,0nlZOebhoPbC6collvr5uG
Koba LaD,Intro,2Su1k2X4kwQcf0OuonoDCg
Charles Aznavour,Hier encore,4ciRwt5dGHKKm8Et8r1xJ0
Gazo,JEUX DANGEREUX,5s4nWxnucgO7YPfoPGxR1e
Gazo,HENNESSY,6fKYXAnTD96mFM9nAGaC7V
Gazo,GRA GRA BOOM (feat. Skread),3aOzpOcVaAXCb2bkabANde
Gazo,BOSS,2K2hSiCZAwwlFvwTxVRqoi
Gazo,IMPACT,1hlUHJgbdFdvZvG64a3W1g
Dinos,Prends soin de toi,0TGWAVx4bRsr8ZRYQtUPDw
Dinos,Diptyque,5AMrauYWppWRQghrh0UeLU
Dinos,Maman m'aime,417aTbQ5C3b0Gu3NEbIs9T
Dinos,Je Wanda,0ru41rBEzVgFlIB0KLNYeu
Dinos,93 mesures,626x9ykFfrXQmEeadnhr1f
Dinos,Demain n'existe plus,4NcJdWFnDzubpcG31CrDU1
Dinos,Césaire,4aitZJoaTKUBwp5Rr7CWi0
Dinos,Ciel pleure,3ki5NTNjfk4EXbesKr77Po
Dinos,Le nord se souvient,2oMNKU3pdcDkubF2M9yrxo
Dinos,Judas,1ogqTISRaNQezLx5LB9bzq
13 Block,Riina Toto (feat. Maes),5aTIqsUQ6EZ2lpmsQop8dq
Dinos,Madone,0A2blyH8yFOCZ0IoGKA8bb
13 Block,Babi,3FrbLRZXo94g9dnJzxQLNP
Joé Dwèt Filé,La même chose,28Nx21Wy2dampI3VqtBSqH
Dinos,Corbillard,1SB08Bsiau6KBatQCYMPCH
Leto,Paris c'est magique,7Ix1venpJ6FKP039WQvRL7
Roméo Elvis,Chocolat,1Qm73NJZmEtqm7yOConu1C
Roméo Elvis,Coeur des hommes,4RpNETpCJm2Nfr3aTpt4cJ
Gradur,Mon BB,3E2A0uk8xtCGqgTsiz8Qug
Booba,Signé,7gYpMsodGiFN0qMmz9FCTj
Dau,Finale - Nouvelle École,46NCn1HZ054Wy0o6H86teM
Djadja & Dinaz,Khemem,1KcVcJuQEnUQoQ8IzjsdKV
Aden Foyer,The Ballet Girl,6EMR2TqTujy6ZW00ag7saG
BTS,Butter,6jjYDGxVJsWS0a5wlVF5vS
Sofiane,Attrape-moi si tu peux,6LuAtG9sa0aU8GTMd9CQnO
Barbara Pravi,Voilà,1uAOCTevGnyKIDbgZdOCnE
Freeze corleone,Téléphone - Extrait de CRCLR MVT SAISON II,0FLegMOg3yN9e2zF5p9Vxb
Jul,Irréversible,2bW1eBA4IZbL3MdwFTAIs7
Sofiane,Case départ,4waNnFytHZFAZaXCcLtLsx
Sia,Floating Through Space,0XwSUpdrF7nR7hVxbDs7mb
Djadja & Dinaz,Alpha,3pb0cncoQAsREGYBN9WCy5
Djadja & Dinaz,Full Black,2JCHDoITWNBZXeXzDtGiH2
Djadja & Dinaz,Avenue,5EI03MgA4g37vFiqANPnXX
Djadja & Dinaz,Moi aussi,7qx3w7lt835fZHzeUquGj4
Djadja & Dinaz,Toujours la même,6fu1FCLI1Rz39PCezBa6Zi
Aya Nakamura,Gang (feat. Davido),7ihLqNmG5BurdlCtdmhCPa
Soolking,Rockstar,5W3DfkKaK3aXBI4A447ilC
Aya Nakamura,Dans ma bulle,49pDvWX9ky9ipYMKI7Gacu
Soolking,Amsterdam,5IjlxvegOUD9ANTHwNXosm
La Fouine,Aventador,6eFnYCgtuVR89MjC19GY9F
Soolking,Bambina,7l5zOVK8wjrTH6jTRIFpX5
Soolking,Tata,1CoHo2YimE2ym8DCzlGLzc
DTF,Dans la savane,68h0UdgZAfKIOx9SrqkJvu
Eminem,The Ringer,2jt2WxXMCD4zjACthkJQVE
A Boogie Wit da Hoodie,Look Back at It,3Ol2xnObFdKV9pmRD2t9x8
Jonas Brothers,Sucker,22vgEDb5hykfaTwLuskFGD
Leto,Big Meech,66OTw5q1Ut9KqdFgzMRrhp
Larry,Colis (feat. Maes),1sVg7wSCOmUzJLqUmxOvj9
Laeti,Rider toute la Night,57AzeYIWwAYprDXRwPjgtZ
Larry,Goosebumps (feat. Hamza),1G59Rj6KVUQcI0zaLn5Vqr
Grand Corps Malade,Nos plus belles années,4sj5kQSCaReEoniDPGy57o
Jazzy Bazz,Élément 115,2k4rnj8GC80C4rA6eZUIdz
Jazzy Bazz,Albiceleste,0aNKeqaXgtsWkhnxfkC01l
Jazzy Bazz,.RAW Spleen,0OvE9YYXlk32ZehokyrS2c
Jul,La street,29n9av2AJlYDHtqfuv0X04
Travis Scott,goosebumps,6gBFPUFcJLzWGx4lenP6h2
Jul,Ça me guintch,6kcoNZsjbz1Y3IXIjds18c
Kekra,Phénomène,51V8bp8ni9xKKwOmwRfAks
Gazo,A$AP,10nCB4Iq9BI3aW2iEldiR9
Jul,Le crémeux,5GBO1qrIohK8RvoSF0opEb
Gazo,GO (feat. Franglish & Landy),3pFjLqo6SFBAegYmmNO60n
Gazo,TCHIN 2X,3K8Iec6qaIpcVgyWs0hOYq
Dadju,Perdu,2K4HLYJJeIWmdxnwPkDQ5Y
Dadju,Toi d'abord,0MEI0XbtyZ0S2RwQ8giCFA
Dadju,Mémoire courte,5l58QPPxez87TPTdB4BpDC
Dadju,Papa,17LYpQkhfTwBQmCJWDoLl7
Dadju,Jure-le,2H0vTEpmxgNrfCS0jOG5LY
Jul,Canette dans les mains,0o6d6GKL0SLyjl2YzbrDfs
Jul,Le 100 le 100,0FsbHtE3gSA6dOgyHcx97s
Jul,Konami,6Cq2q5oHZiYn1dLzGndWx9
Jul,Beuh à la noix de coco,47o6AEdD6voibHOHKYMvIO
Jul,Chocolata,2IuELuEBrrTUjW8Ng0stRB
Jul,Eh ça va Guy,1QXkWokUBTrHzn1KGEwoXC
Lorenzo,Le Daron,6YHji06k5DxaQgnYh3Za9y
Ronisia,200 KM/H,7DfBKw4PYAar1FXOFLqMFE
Jul,Héros,6r2lxPQSLk4LgWg66YNI7B
Jul,Camouflage,7dQfQcp2wPAGgMv7elXF6V
Gala,"Freed From Desire - prod. Molella, Phil Jay",3u5N55tHf7hXATSQrjBh2q
Jul,Grazie la zone,4sgHaiB8vbuqtrOvv5Z19v
Timal,Bruce Wayne,57QiLC5coJ0WDt0oY7fXqz
Timal,Le son de ma rue,6ZHmoY56dJSw982SeIQ0az
Timal,One Shot,6BDSvCRulPkbZoDIawWTq4
TimaLikesMusic,Tote Bag Interlude,2T31PwqY9Nl56FNkzu7FE2
Timal,Jeunes et ambitieux,5z1CrtWI0PFR1wHvctDwwQ
Aya Nakamura,VIP,6NCJTDAQsOErJGv7mhdvsB
Marwa Loud,Ghir Ntiya,4HLrkVmVOqFkUxMMzIkTZX
Maes,Méchant,1h8484CNhIZqhMsqD0ljkl
P!nk,TRUSTFALL - Drove Remix,0JylJPPllrXMwbogQGNOej
Alonzo,Guadalajara,4e8h0zqi70JHvZbCzrgcHE
Öwnboss,Move Your Body,6GomT970rCOkKAyyrwJeZi
Aya Nakamura,Djadja (feat. Loredana) - Remix,2ksv4nKtoxr0mSR0sHdn1y
Franglish,La Calle,0Z5QE9yGEB79zRNH6uAM76
Wejdene,La Meilleure,5fEC4YAZALInwKuqwHytir
Werenoi,Bang,62np54NraH1s2cxZSf0EEK
Werenoi,3x filtré,4XwMoPc7s1E2V0Q5eKSzpA
Werenoi,Les codes,498fH7e28Y8ODSYksqertQ
Slkrack,Vie,6FtjXmSsf4DgteX1iVANUj
Kungs,Never Going Home - Lost Frequencies Remix,61fqDuIWnkgAE16z50f8Lj
Tayc,Dis moi comment.,0YP9qYzxlXGa8hkX1tpsWo
Franglish,Sans moi,5cZ6NaDFs0a7ZYfGpaJWEt
Djadja & Dinaz,Plus fort,5MUiPeennpjXUynzIhR97V
Yaro,Mec de cité,0HnQmlhsIJLAPvfoAXjd6C
Mister V,Facetime,1pmyTzRjcz1qAowK5jYEEd
Kaza,3.5.7,6HlwDeNBVa7Jam4DHQzUEb
Mister V,Tudo Bem,4wdJ33LQeaYBdXLKYVHxrE
Mister V,Vice City,2mkfbff7LNN4SUbZ298AvK
Mister V,Clinton,5uQh7IFaZNi5yjmevppS4V
Mister V,Femme de ménage,0OkMZx36jAnr9epv0gS4ND
Mister V,Boogie,7r9g9kVnLkCgKdF8ZQNqU6
Mister Tickle Hands,Reverse Vertigo,30oELP2Z82mEwi3uyxA9Ho
Mister V,Miami Heat,4FsEfCGYJXzJESGAxzTfXw
Mister V,Lidl,1ShUAG9m58Yw2E3bMCUeIN
Lalo Schifrin,Magnum Force Theme,2QIBfLXas5gzDTV3p8qwRP
SCH,Niobe,0MBUiPhMx69GRBu4PwfFjJ
SCH,Marginaux (feat. Dinos),67PWiuodhQW3lAANwQpYjY
SCH,Offshore,7FSBBwk1A5N9dlm0zMnAEM
SCH,Transmission Automatique (feat. So La Lune),5wXNVsx3hBKgIFuKeesh9K
SCH,Vivienne Westwood,1p8r0CMfNikjvBIorZF2Is
SCH,83K,77GoFjP18yMFeSkdVosP1c
SCH,Blue Bahamas,5iAIYZr0t6sDNTTRv2evVI
SCH,Lilou Dallas,1q5cl9PjKRABWrGkYm1xP3
Graya,Coucou,3rouzfCt5Z4JijtpY2MGfc
SCH,Blanc Bleu,1o0h9KfmBQYJYEvBorkCiM
SCH,Actes,1A18fWpnZE3Lwrm4JCjbGa
Fresh,Kobe,0d9SLQIkIWUFKeKqxVYRlz
Dennis Lloyd,Never Go Back,2QrXzOqLCVDRZHkToA0tSR
Damso,YOUVOI LIVE,4O56MRnXKVCO4zk4MfYgFS
Billie Eilish,Your Power,042Sl6Mn83JHyLEqdK7uI0
Niska,R.A.S,4uw4rSbM2chpagkhZ7kgld
Lynda,Fini d’espérer,61dwQ8H3ZO0Djwc1wqs4e8
Kalash,Tennessee,0iR0ZbEw46KtSDSGph0HHE
Niska,Sal baye,0bEAtT1QXLatpaYS0qrKvR
Niska,Nueve,4Wif39Rp8KHFIk6hOPkPhL
Favé,FAVELA,5AYmRXk8FCGDdrBUCY2K5D
Louane,Pardonne-moi,7e9St8J2mT2Y7peHokbQRY
aupinard,quel type de vibe?,7iospt7wmXY3BdoHsK666Y
Lefa,Mauvais,4vw6LQgB10vgUH55dDrfVc
Roméo Elvis,Défoncé,2dCVHkhObgd5xjrnocQbI2
Roméo Elvis,Chaud,4sPJpns1ma2kpfDEMvpAG5
Freeze corleone,Scellé part.2,5IkofYa6Ac1plKIf6nYkDE
Freeze corleone,Tarkov,0aSFXdXIOnQz9GTxU4zZ2f
Freeze corleone,Stretch 4,1EmeUETPQOquxljE27h699
Freeze corleone,Big Pharma,2ORAci0AuAJak9MEsB55oP
Freeze corleone,Chen Laden,50RR02BXAG6Q5ImZhiUK3N
Freeze corleone,R.I.P. Pop Smoke,0dala5X9rPNriUNUj86cRq
Black M,Cesar (feat. Maître Gims),1o1i2mJ7F9h6uGByxwfgH8
Le classico organisé,Les galactiques,7MwUFO1Av7sEOCUa1ULmwa
Niska,140G,61t1k1kGqdDWz6Ln1ShdWO
Booba,Leo Messi,3YZdPvENFPytMyrnkRWm1B
Niska,Paris,0ApBt9e7LSkrHhJ2SZbHk2
Le classico organisé,Légendaire,6oPyFMWpT0oDeShTjcneDK
Le classico organisé,À la rue marié,50zfmdWu5AFf3iYRzpsane
Niska,Joe Pesci,2k6HLTTqqCDnymPqfiALHM
Niska,Canelo,0qPAUzGoux1vXyuA7wo3NG
Niska,Du lundi au lundi,4vR2zaYAW8CtzwodeFufkI
Niska,T-Rain,0YwEs6wqwtvDsT9hS1H8RN
Le classico organisé,Oh mama oh,5Y4PCU2iZItuebZIEqVBZW
Niska,Paramètre,6guvOMQpVSV7TnmJ3RdrTI
Le classico organisé,Quitte à les décevoir,0soTXv8kbpIJ5GR4YT9bCI
Le classico organisé,Mafiosi,4LIZDbjLNK9N0fugJ0z4Pf
Kendrick Lamar,N95,0fX4oNGBWO3dSGUZcVdVV2
Kendrick Lamar,Die Hard,2g6tReTlM2Akp41g0HaeXN
Kendrick Lamar,United In Grief,5Gt9bxniM1SxN61yRzRhXL
Kendrick Lamar,Father Time (feat. Sampha),28qA8y1sz0FTuSapsCxNOG
Kendrick Lamar,Rich Spirit,1QPreu0BNOrUfEb8HTd2qG
Ninho,Outro,3Q0rJi0Ooh4yLQF8WsxTAB
Djadja & Dinaz,Carré d'as,2AtLkHd7zCI7jvV6THMxmc
Djadja & Dinaz,Pour la moula,21Wum9ENhAzyvV5SA1ojUh
Damso,INTRO,3ZlSE5Yam2QSqr75PmXr6L
Damso,THEVIE RADIO (Interlude),6jS7wrCztWxC78Xfck5Wdx
Bosh,Trixma,4dJvs9kg78ZiHVnNr6UUNJ
Madame Monsieur,Mercy,7FyDoTYFkfZ1DQ9HvvXomL
Childish Gambino,This Is America,0b9oOr2ZgvyQu88wzixux9
Sofiane,Lundi,47YaaXykE1gR4PRBpkDtKr
Marwa Loud,Billet,0AYCidYCYS3NUcRCcMip1a
Timal,Arrivant,6dN7nkvH6HaRxVQETt6agT
DA Uzi,Booska Mexico,2wscladvcClNbW7io99gWw
Mark Ronson,Nothing Breaks Like a Heart (feat. Miley Cyrus),7ciOz6tk9MrUwYvY66Lswl
Moha La Squale,On roule,31DqCO5qPFlRcjTKpp3TeQ
Ronisia,Nha Terra,0bq73Bkyl4WIFWKBUa1z8W
Freeze corleone,SCELLÉ PART. 4,3P2Krq5kHjtGgSXgdZrdmZ
Travis Scott,FE!N (feat. Playboi Carti),42VsgItocQwOQC3XWZ8JNA
Travis Scott,THANK GOD,1PH2MDbcBAU094DlgTIND1
Travis Scott,MY EYES,4kjI1gwQZRKNDkw1nI475M
Travis Scott,MELTDOWN (feat. Drake),67nepsnrcZkowTxMWigSbb
Travis Scott,HYAENA,0hL9gOw6XBWsygEUcVjxEc
Travis Scott,MODERN JAM (feat. Teezo Touchdown),3KCNiDi9Pza6ZD8FggNoaw
Travis Scott,I KNOW ?,6wsqVwoiVH2kde4k4KKAFU
Travis Scott,SIRENS,7LSpFCvRZZot2AlmkUzy9k
Travis Scott,DELRESTO (ECHOES) (feat. Beyoncé),0OEe83mMZ5kaNw5uZQ7ilG
Travis Scott,GOD'S COUNTRY,04WxWo7XeVyx22xEsrWRUb
Dadju,Christina,0tqSYdv6jdrjIe8qsLRr8r
"¡Canta, Maestra!","Feliz Día, Mamá",4rJk4XUoli6lMN9reAe4bG
Maes,LDS,1NfmjmrsVCsNRqBOgbwlKd
Maes,Avenue Montaigne,6NNtJ7QHF0PzhNK736iwyF
Shay,Jolie Go,4QiJK3bjjI3mbzyKDjjGlg
Maes,Zipette,7tx5GjRyu3AnnjSuhzMlXl
6ix9ine,KIKA (feat. Tory Lanez),2gGyUF86bijvQyjcOcJxNw
Maes,Fumer,2UkLrrYuDlnVTWPOqVt5uI
King Serenity,All for U (Ameyatchi),7LjHqvRyDcMZ9rJ1XuY0IP
Måneskin,SUPERMODEL,63WuQOXohQIxOxIFA2K7bR
Timal,La 10,6jC8o3FMrsHS7B1tvxDnyf
Michael Bublé,It's Beginning to Look a Lot like Christmas,0lLdorYw7lVrJydTINhWdI
Imagine Dragons,Symphony,2ThaHV10xrAcL2WfqXyLnp
SDM,Nous deux,42EApozzvP6H2RpNOh6dr1
Koba LaD,Ca ira mieux demain,7jUeurloPULnhaXqbw6RGn
Jul,6.35,1YSFzOfVCpZONy8yWIAn8s
Jul,Beuh magique,2PaktlQ4uhWfR0Cuk0qRtN
Fanny Julian,The New Mexico,2K5qhDi7aZWTzIGj3VXryX
Jul,Pow pow,7439REnnov7d5h0P419Nk2
Jul,Cremosso,6hLLZdEIora9qDmwkoXZg1
Jul,Santchelita,0MEUltYRml8t9Lmq05Ge7D
Jul,La doudoune,1ARv8VDHzs8DnWHnty9wvy
Neto e Juliano,Tereza,6nYoLb1wIvbhl568xY9DTM
Lady Julss,Ho finito i giga,5a7efMbUMgVjJbpARUVbba
DA Uzi,Jeune d'en bas (feat. Nekfeu),3cOIYXOt3tMpeNz9XOmNos
DA Uzi,27 (feat. Freeze Corleone),5zabbpohr451G1sCSECESW
Rimkus,Santorini,3s8Z6HD1sEKuFaOCQKrlOV
Brenda Lee,Rockin' Around The Christmas Tree,2EjXfH91m7f8HiJN1yQg97
Bobby Helms,Jingle Bell Rock,7vQbuQcyTflfCIOu3Uzzya
Andy Williams,It's the Most Wonderful Time of the Year,5hslUAKq9I9CG2bAulFkHN
Michael Bublé,Holly Jolly Christmas,6tjituizSxwSmBB5vtgHZE
Justin Bieber,Mistletoe,7xapw9Oy21WpfEcib2ErSA
José Feliciano,Feliz Navidad,0oPdaY4dXtc3ZsaG17V972
Tino Rossi,Petit Papa Noël - 2018 Remaster,0gwBABCT2JicMJTrbFsOAE
Niska,Tellement gang,63mwDcyMFJIv1R0QO8JsqB
Niska,J’suis dans les wayes,6bZjrykTVOrOGysDuE6eMp
Niska,Des flingues et des roses,0Ur7L15jrsLGGNpC7nXIU6
Landy,Ma werss,1vi03pl2ugJibAvSYci75q
SCH,Raisons,5psKag7FkSEQuoHBBCTIIt
SCH,Mafia,1rCUcUnzMbnvf7cLOl2EkJ
SCH,Plus rien à se dire,7HRCfrGnfLDyLmeV3dWnN6
SCH,La battue,2wxFFhi20eRQXdmaxaSGlf
SCH,Le coup d’avance,6VoONczoqpAhdXEkTJi0ky
SCH,Gibraltar,4Y8Ohri5hWI3XUfCW5KwLG
RK,Billie Jean,36kGHLye6PSxPwoFtetqL0
