Artiste,Titre
MAES FEAT. BOOBA,MADRINA
LOMEPAL,TROP BEAU
ANGèLE FEAT. ROMéO ELVIS,TOUT OUBLIER
LOMEPAL FEAT. ROMéO ELVIS,1000°C
DADJU,JALOUX
BRAMSITO FEAT. BOOBA,SALE MOOD
LADY GAGA & BRADLEY COOPE...,SHALLOW
DJ SNAKE FEAT. SELENA GOM...,TAKI TAKI
ORELSAN FEAT. DAMSO,RêVES BIZARRES
AYA NAKAMURA,COPINES
LOMEPAL FEAT. JEANJASS,X-MEN
JUL,MA CHE BEAUTé
TROIS CAFéS GOURMANDS,À NOS SOUVENIRS
LOMEPAL FEAT. ORELSAN,LA VéRITé
LOMEPAL,MôMES
LOMEPAL,NE ME RAMèNE PAS
ARIANA GRANDE,"THANK U, NEXT"
LOMEPAL,PLUS DE LARMES
LOMEPAL,ÉVIDEMMENT
VEGEDREAM,RAMENEZ LA COUPE à LA MAISON
AYA NAKAMURA,LA DOT
VITAA FEAT. SLIMANE,JE TE LE DONNE
LOMEPAL,BEAU LA FOLIE
AYA NAKAMURA FEAT. NISKA,SUCETTE
"DAVID GUETTA, BEBE REXHA ...",SAY MY NAME
BAD BUNNY FEAT. DRAKE,MIA
DYNORO & GIGI D'AGOSTINO,IN MY MIND
LOMEPAL,LE VRAI MOI
BOOBA,PETITE FILLE
JUL FEAT. NINHO,ET JE DEVIENS FOU
MéDINE FEAT. BOOBA,KYLL
THE PRINCE KARMA,LATER BITCHES
AYA NAKAMURA,DJADJA
CALVIN HARRIS & SAM SMITH,PROMISES
MHD FEAT. WIZKID,BELLA
LOMEPAL,LE LENDEMAIN DE L'ORAGE
QUEEN,BOHEMIAN RHAPSODY
RIM'K FEAT. NINHO,AIR MAX
REDBONE,COME AND GET YOUR LOVE
MAES,BILLETS VERTS
"LSD FEAT. SIA, DIPLO & LA...",THUNDERCLOUDS
LOMEPAL,DAVE GROHL
ANGèLE,TA REINE
AYA NAKAMURA,OULA
XXXTENTACION,MOONLIGHT
LOMEPAL,MA COUSIN
BOOBA,BB
KAARIS,DéBROUILLARD
IMAGINE DRAGONS,NATURAL
MAROON 5 FEAT. CARDI B,GIRLS LIKE YOU
ANGèLE,BALANCE TON QUOI
GRADUR FEAT. HEUSS L'ENFO...,NE REVIENS PAS
HEUSS L'ENFOIRÉ FEAT. JUL,MOULAGA
TONES AND I,DANCE MONKEY
AYA NAKAMURA,40%
THE WEEKND,BLINDING LIGHTS
GAMBI,POPOPOP
SCH FEAT. NINHO,MAYDAY
ANGÈLE,OUI OU NON
NAZA,LOIN DE MOI
MISTER V FEAT. PLK,JAMAIS
47TER,CÔTE OUEST
THE BLACK EYED PEAS & J B...,RITMO (BAD BOYS FOR LIFE)
MAROON 5,MEMORIES
LARRY FEAT. RK,WOIN WOIN
GAMBI,HÉ OH
MARIAH CAREY,ALL I WANT FOR CHRISTMAS IS YOU
DADJU,MA VIE
REGARD,RIDE IT
VITAA & SLIMANE,AVANT TOI
DADJU,COMPLIQUÉ
MAJOR LAZER FEAT. J BALVI...,QUE CALOR
MAÎTRE GIMS & STING,RESTE
NINHO,LA VIE QU'ON MÈNE
NISKA,BÂTIMENT
JUL FEAT. JIMMY SAX,IBIZA
ARIZONA ZERVAS,ROXANNE
"GLK FEAT. LANDY, DA UZI &...",93% (TIJUANA)
SCH,R.A.C.
TAYC FEAT. BARACK ADAMA,"MOI, JE PROUVE."
LIL NAS X,OLD TOWN ROAD
SHAWN MENDES & CAMILA CAB...,SEÑORITA
SHAED,TRAMPOLINE
BAKERMAT,BAIANÁ
SAINT JHN,ROSES
JORJA SMITH FEAT. BURNA B...,BE HONEST
MOHA LA SQUALE,MA BELLE
JUL,MON BÉBÉ D'AMOUR
MAES,STREET
SCH,ÇA IRA
NEKFEU FEAT. VANESSA PARA...,DANS L'UNIVERS
KOBA LAD,MORTEL
DJADJA & DINAZ,UN MILLION PAR MOIS
BILLIE EILISH,BAD GUY
DUA LIPA,DON'T START NOW
NINHO FEAT. NISKA,MAMAN NE LE SAIT PAS
AYA NAKAMURA,POOKIE
BILLIE EILISH,EVERYTHING I WANTED
ANGÈLE,BALANCE TON QUOI
MAES,LIQUIDE ROUGE
GRADUR,RARI
M. POKORA,TOMBÉ
NINHO,LETTRE À UNE FEMME
DRAKE,TOOSIE SLIDE
NAPS FEAT. NINHO,6.3
KAROL G & NICKI MINAJ,TUSA
JUL,SOUSOU
SOOLKING FEAT. DADJU,MELEGIM
HATIK,ANGELA
LETO FEAT. PLK,TRAIN DE VIE
CHRISTOPHE,LES MOTS BLEUS
IMEN ES FEAT. ALONZO,1ÈRE FOIS
RODDY RICCH,THE BOX
HATIK,PRISON POUR MINEURS
MAES FEAT. BOOBA,BLANCHE
LORENZO,JE VOUS DÉTESTE TOUS
LETO FEAT. NINHO & ZED,DOUBLE BINKS
YL,VAILLANTE
SURF MESA FEAT. EMILEE,ILY
DA UZI FEAT. NINHO,CROIS-MOI
NEA,SOME SAY
NINHO,ZIPETTE
DOJA CAT,SAY SO
MAES FEAT. NINHO,DISTANT
POWFU FEAT. BEABADOOBEE,DEATH BED
4KEUS FEAT. NISKA,MD
CHRISTOPHE,ALINE
MAES FEAT. JUL,DYBALA
SURFACES,SUNDAY BEST
TREVOR DANIEL,FALLING
AVA MAX,SALT
DUA LIPA,PHYSICAL
MOHA K FEAT. DJ MIKE ONE,ELLE (PT.1)
NINHO FEAT. DAMSO,PROMO
DOJA CAT,BOSS BITCH
YOUNG T & BUGSEY FEAT. HE...,DON'T RUSH
SOPRANO,NINJA
SOSO MANESS,SO MANESS
NINHO FEAT. HÖS COPPERFIE...,PIRATE
DRIPREPORT,SKECHERS
MILEY CYRUS,FLOWERS
HAMZA,NOCIF
WERENOI,CIAO
TAYC,ROOM 69
GAULOIS,JOLIE
WERENOI,ESCORTE
AYA NAKAMURA,BABY
MAES,LA PÈGRE
WERENOI,TOUT SEUL
RK,LOLA
LOUANE,SECRET
MAES,VELAR
ZOLA,AMBER
REMA,CALM DOWN
METRO BOOMIN & THE WEEKND,CREEPIN'
WERENOI,LABORATOIRE
WERENOI,10.03.2023
MAES,FETTY WAP
MÅNESKIN,THE LONELIEST
MAES,GALACTIC
VACRA,TIKI TAKA
WERENOI,FIGARO
WERENOI,GRISAILLE
DAVID GUETTA,I'M GOOD (BLUE)
MAES,B22
SDM,BOLIDE ALLEMAND
WERENOI,INTRO ROLEX
WERENOI,MAISON HANTÉE
MAES,MALEMBÉ
WERENOI,VROUM VROUM
HAMZA,FREE YSL
GAZO,DIE
MAES,OPAQUE
LANDY,MAYBACH
HAMZA,SADIO (FEAT. OFFSET)
THE WEEKND,DIE FOR YOU
TOM ODELL,ANOTHER LOVE
LOMEPAL,DECRESCENDO
TIAKOLA,MEUDA
AYRA STARR,RUSH
DJADJA & DINAZ,PAS LÀ
SDM,MR. OCHO
MAES,LE MOINE
WERENOI,VIRUS
WERENOI,NOS LABELS C'EST DU PAPEL
LIL NAS X,STAR WALKIN' (LEAGUE OF LEGENDS WORLDS ANTHEM)
PLK,DÉCEMBRE
DJADJA & DINAZ,LA FORCE TRANQUILLE
ROSA LINN,SNAP
LIBIANCA,PEOPLE
MAES,FRANK LUCAS
NAPS,LA KIFFANCE
OBOY,TDB
KOBA LAD,DADDY CHOCOLAT
SOSO MANESS,PETROUCHKA
ED SHEERAN,BAD HABITS
KUNGS,NEVER GOING HOME
THE KID LAROI,STAY
SHOUSE,LOVE TONIGHT
POLO & PAN,ANI KUNI
JUL,"PIC ET PIC, ALCOOL ET DRAME"
DADJU & ANITTA,MON SOLEIL
LIL NAS X,INDUSTRY BABY
MÅNESKIN,BEGGIN'
REIK & ROCCO HUNT X ANA M...,A UN PASO DE LA LUNA
LIL NAS X,MONTERO (CALL ME BY YOUR NAME)
THE WEEKND,SAVE YOUR TEARS
ALONZO,LA SELEÇAO
"KOFS, SOSO MANESS, ELAMS,...",BANDE ORGANISÉE
JUSTIN WELLINGTON,IKO IKO
"NO LIMIT, BOSH, HEUSS L'E...",OLA OLA OLA
JUL,ALORS LA ZONE
MHD,AFRO TRAP PART. 11 (KING KONG)
"NO LIMIT, ORELSAN, NINHO",MILLIONS
DUA LIPA,LEVITATING (FEAT. DABABY)
TAYC,LE TEMPS
DOJA CAT,KISS ME MORE
STRANGE FRUITS MUSIC,CALABRIA (FEAT. LUJAVO & NITO-ONNA)
THERAPIE TAXI,ETÉ 90
MHD,POLOLO
GRADUR & FRANGLISH,TRUCS DE CHOSES (GAME OVER 3)
BOOBA,MONA LISA
KENDJI GIRAC,BEBETO
CLARA LUCIANI,LE RESTE
MARWA LOUD,BIMBO
TRINIDAD CARDONA,DINERO
JUSTIN BIEBER,PEACHES
LAYLOW,R9R-LINE
GAZO,HAINE&SEX
AYA NAKAMURA,BOBO
NAPS,LA DANSE DES BANDITS
RITON,FRIDAY
IMAGINE DRAGONS,FOLLOW YOU
MAROON 5,BEAUTIFUL MISTAKES
LETO,MOZART CAPITAINE JACKSON (EPISODE 1)
DUA LIPA,FEVER
MOHA K,VROUM VROUM
JOÉ DWÈT FILÉ,JOLIE MADAME
KORE & NINHO,MON POTO
SCH,MODE AKIMBO (FEAT. JUL)
DUA LIPA,LOVE AGAIN
DA UZI,AUTRE PART
DA UZI FEAT. MAES,LE DIRE
DA UZI,ARCHITECTE
NINHO,LA PUERTA
TONES AND I,NEVER SEEN THE RAIN
HATIK & SAM'S,FLK (FAIS LES KIFFER)
LEWIS CAPALDI,BEFORE YOU GO
NINHO FEAT. GRIFF,EVERY DAY
GAMBI FEAT. HEUSS L'ENFOI...,DANS L'ESPACE
DA UZI,STYLE HAUSSMANNIEN
LAYLOW,SPECIAL
BENAB,RS4
1PLIKÉ140,ONGBAK 2
NINHO,BINKS TO BINKS 6
LACRIM,SOLO
AVA MAX,SWEET BUT PSYCHO
KENDJI GIRAC,TIAGO
MHD FEAT. DADJU,BéBé
LACRIM,JON SNOW
XXXTENTACION & LIL PUMP F...,ARMS AROUND YOU
OFENBACH FEAT. BENJAMIN I...,PARADISE
ANGèLE,LA THUNE
PANIC! AT THE DISCO,HIGH HOPES
DEAN LEWIS,BE ALRIGHT
NINHO FEAT. HEUSS L'ENFOI...,CENTRE COMMERCIAL
NINHO FEAT. YARO,LE JEU
NINHO,FILON
NINHO,GROS VENDEURS
NINHO,C'ÉTAIT LE RAP
NINHO,M.I.L.S 3
NINHO,EN CHIEN
NINHO,MAUVAIS DJO
NINHO,INTRO (M.I.L.S 3)
NINHO FEAT. HÖS COPPERFIE...,TU SAIS QU'ON EST GANG
NINHO,BALI
NINHO,MILLÉSIMES
HORNET LA FRAPPE,CALUMET
BOOBA,CAVALIERO
NAPS,CARRÉ VIP
TIMAL FEAT. MAES,AILLEURS
RIM'K FEAT. KOBA LAD & SC...,VALISE
PNL,À L'AMMONIAQUE
JUL,TOTO ET NINETTA
DOSSEH,HABITUé
CALVIN HARRIS & DUA LIPA,ONE KISS
LARTISTE FEAT. CAROLIINA,MAFIOSA
MAîTRE GIMS & VIANNEY,LA MêME
NAESTRO FEAT. MAîTRE GIMS...,BELLA CIAO
NICKY JAM & J. BALVIN,X
DAMSO,SMOG
XXXTENTACION,SAD!
DAMSO,FEU DE BOIS
CLEAN BANDIT FEAT. DEMI L...,SOLO
ALONZO,SANTANA
DAVID GUETTA & SIA,FLAMES
KORE & L'ALGéRINO,VA BENE
DENNIS LLOYD,NEVERMIND
KEBLACK,COMPLèTEMMENT SONNé
"CARDI B, BAD BUNNY & J BA...",I LIKE IT
JUL,BWO
DRAKE,GOD'S PLAN
DOSSEH FEAT. BOOBA,MQTB
DAMSO,IPSéITé
DADJU FEAT. FRANGLISH,DJANGO
MARSHMELLO & ANNE-MARIE,FRIENDS
ARIANA GRANDE,NO TEARS LEFT TO CRY
CECILIA KRULL,MY LIFE IS GOING ON
THERAPIE TAXI FEAT. ROMéO...,HIT SALE
NINHO,UN POCO
4 KEUS GANG FEAT. NINHO,MIDI DANS LE GHETTO
"LSD FEAT. SIA, DIPLO & LA...",AUDIO
DADJU,BOB MARLEY
RUDIMENTAL FEAT. JESS GLY...,THESE DAYS
KYGO & MIGUEL,REMIND ME TO FORGET
ED SHEERAN,SHAPE OF YOU
XXXTENTACION,CHANGES
DAMSO FEAT. ANGèLE,SILENCE
S.PRI NOIR FEAT. NEKFEU,JUSTE POUR VOIR
DRAKE FEAT. MICHAEL JACKS...,DON'T MATTER TO ME
COLUMBINE,CACHE-CACHE
VITAA FEAT. CLAUDIO CAPEO,UN PEU DE RêVE
TAKE A MIC,CLIENTèLE
SEAN PAUL & DAVID GUETTA ...,MAD LOVE
JUL,INSPI D'AILLEURS
DOSSEH FEAT. LACRIM,VLT
JUL FEAT. FIANSO,TOUT GRAILLER
DRAKE,NICE FOR WHAT
JAIN,ALRIGHT
BIGFLO & OLI X PETIT BISC...,DEMAIN
HAMZA,INTRODUCTION
CENTRAL CEE,LET GO
ROSALÍA,DESPECHÁ
ONE REPUBLIC,I AIN'T WORRIED
SAM SMITH,UNHOLY
GAZO,FLEURS
PIERRE DE MAERE,UN JOUR JE MARIERAI UN ANGE
FAVÉ,URUS
SHAKIRA,"SHAKIRA: BZRP MUSIC SESSIONS, VOL. 53"
RIHANNA,LIFT ME UP
BEYONCÉ,CUFF IT
HARRY STYLES,AS IT WAS
"OLIVER TREE, ROBIN SCHULZ",MISS YOU
ALONZO,TOUT VA BIEN
SOOLKING,BALADER
JUL,NAMEK
SZA,KILL BILL
DERTAY,MA CAME
AIME SIMONE,SHINING LIGHT
RAYE,ESCAPISM.
SLIMANE,DES MILLIERS DE JE T'AIME
ZEG P,FADE UP
"ORELSAN, ANGÈLE",CP_009_ E ́VIDEMMENT
MADEMOISELLE LOU,ZÉNITH (FEAT. BOOBA)
TAYC,CARRY ME
LOMEPAL,À PEU PRÈS
DAMSO,COEUR DE PIRATE
SCH,AUTOBAHN
GAZO,RAPPEL
NINHO,JEFE
TIAKOLA,GASOLINA
"PEDRO SAMPAIO, ANITTA, DA...","DANÇARINA (FEAT. NICKY JAM, MC PEDRINHO)"
JUL,C?UR BLANC
DJADJA & DINAZ,DANS LE RÉSEAU
OBOY,LOUIS V
HORNET LA FRAPPE,GASOLINA (FEAT. NINHO)
FARRUKO,PEPAS
BOLÉMVN,ÇA CANARDE
DOJA CAT,WOMAN
TIAKOLA,ÉTINCELLE
CKAY,LOVE NWANTITI (FEAT. DJ YO! & AX'EL)
SASSO,ELLE VEUT
OBOY,YSL
NAPS,C'EST RIEN C'EST LA RUE
OBOY,CRUEL
"ELTON JOHN, DUA LIPA",COLD HEART
BOOBA,VARIANT
THE WEEKND,TAKE MY BREATH
OBOY,COSMOS
KALASH,TU LE SAIS
OBOY,ELVIRA
OBOY,ARMADA
J. BALVIN,IN DA GETTO
OBOY,NO BLATA
CENTRAL CEE,OBSESSED WITH YOU
RIM'K,PAPEL
SOOLKING,BYE BYE
DRAKE,GIRLS WANT GIRLS
BOOBA,ARC-EN-CIEL
NISKA FEAT. BOOBA,MÉDICAMENT
PNL,AU DD
DADDY YANKEE FEAT. SNOW,CON CALMA
KOBA LAD FEAT. NISKA,RR 9.1
ED SHEERAN & JUSTIN BIEBE...,I DON'T CARE
PEDRO CAPÓ,CALMA
ZOLA FEAT. NINHO,PAPERS
NINHO,GOUTTE D'EAU
NINHO,PUTANA
PNL,DEUX FRÈRES
ANGÈLE FEAT. ROMÉO ELVIS,TOUT OUBLIER
LEWIS CAPALDI,SOMEONE YOU LOVED
LADY GAGA,ALWAYS REMEMBER US THIS WAY
ALEC BENJAMIN,LET ME DOWN SLOWLY
ARIANA GRANDE,7 RINGS
OZUNA,BAILA BAILA BAILA
PNL,BLANKA
MABEL,DON'T CALL ME UP
KOBA LAD FEAT. NINHO,QUOTIDIEN
DJADJA & DINAZ,POSSÉDÉ
CALVIN HARRIS & RAG'N'BON...,GIANT
SOOLKING & DHURATA DORA,ZEMËR
PNL,CHANG
NINHO FEAT. FALLY IPUPA,À KINSHASA
PNL,HASTA LA VISTA
NINHO FEAT. DADJU,JAMAIS
TROIS CAFÉS GOURMANDS,À NOS SOUVENIRS
PNL,SHENMUE
SHAY FEAT. NISKA,LIQUIDE
ROMÉO ELVIS,MALADE
NINHO FEAT. FAOUZIA,MONEY
"COLUMBINE, LUJIPEKA & FOD...",C'EST PAS GRAVE
PNL,ZOULOU TCHAING
LANDY FEAT. DADJU,MUERTE
IMAGINE DRAGONS,BAD LIAR
M. POKORA,LES PLANÈTES
HEUSS L'ENFOIRÉ,ARISTOCRATE
MARWA LOUD,OH LA FOLLE
PNL,AUTRE MONDE
GAVIN JAMES,ALWAYS
RK FEAT. SOFIANE,C'EST MON SANG
SCH,LIF
DINOS,CHROME HEARTS
DINOS,PORTES SUICIDE
DINOS,MA BABY
DINOS,PICHICHI ANDERSON
DINOS,L'UNIVERS NE NOUS VOIT PAS DANSER
ONEREPUBLIC,I AIN'T WORRIED
DINOS,AMG PERFORMANCE
DINOS,MODUS VIVENDI
DINOS,SIMYACI
DINOS,QUATRE SAISONS
LETO ET GUY2BEZBAR,SOSA
DINOS,PAR AMOUR
FRANGLISH,SÉCU
GAMBI,PETETE
DINOS,ROUGE DRAMA
"TAYC, MARCUS",SALOMÉ
DINOS,CTRL + V
KERCHAK,PEUR
CENTRAL CEE,DOJA
DINOS,SOLITAIRE 1895
CHRIS BROWN,UNDER THE INFLUENCE
DINOS,RUE DE SEVRES
"NINHO, REDVOLUTION",CAROLINA
JUL,J'AI TOUT SU
BLACK EYED PEAS,DON'T YOU WORRY
BIGFLO & OLI,COUP DE VIEUX
DINOS,FUTURE NOSTALGIA
KALASH CRIMINEL,SOMBRE
SOOLKING,DALIDA
IMEN ES,ATTENTAT
SUPRêME NTM & SOFIANE,SUR LE DRAPEAU
KALASH CRIMINEL,LA SACEM DE FLORENT PAGNY
SCH,LE CODE
RK,BAE
MARSHMELLO & BASTILLE,HAPPIER
GEORGE EZRA,SHOTGUN
KALASH CRIMINEL,ENCORE
SOOLKING,GUERILLA
KALASH CRIMINEL FEAT. GRA...,47 AK
JUL,LA ZONE EN PERSONNE
AYA NAKAMURA,POMPOM
AMIR,LONGTEMPS
WEJDENE,JE T?AIME DE OUF
SADEK,KIMONO (FEAT. SCH ET NINHO)
KORE & NINHO,MON POTO (EXTRAIT DE LA BO DE « EN PASSANT PÉCHO »...
SDM,DADDY
BLACK EYED PEAS,GIRL LIKE ME
TRAVIS SCOTT & HVME,GOOSEBUMPS (REMIX)
AMEL BENT,"1,2,3"
WERE VANA,CASANOVA
SERGE IBAKA / NINHO,CHAMPION
SCH,MANNSCHAFT (FEAT. FREEZE CORLEONE)
DAMSO,J?AVAIS JUSTE ENVIE D?ÉCRIRE.
MARWA LOUD,ALLO
DJADJA & DINAZ,À C?UR OUVERT
SDM,LE BRUIT DES APPLAUDISSEMENTS
MASKED WOLF,ASTRONAUT IN THE OCEAN
SCH,MARCHÉ NOIR
SCH,CRACK
OFENBACH,WASTED LOVE (FEAT. LAGIQUE)
DAVID GUETTA,MEMORIES (FEAT. KID CUDI)
NINHO,TOUT EN GUCCI
EVA,C?UR NOIR
BRUNO MARS/ANDERSON .PAAK...,LEAVE THE DOOR OPEN
NATHAN EVANS,WELLERMAN
GIMS X JUL X SCH,GJS
"OZUNA, DOJA CAT & SIA",DEL MAR
GAZO,KASSAV
GIMS X DADJU X SLIMANE,BELLE
JOK'AIR,ELLES ONT TROP JOUÉ AVEC MON C?UR
LANDY,MÉDUSA
VIANNEY,BEAU-PAPA
SCH,LOUP NOIR
AURORA,RUNAWAY
NUKA,LOVE NOT WAR (THE TAMPA BEAT)
TIMAL,FILTRÉ
NINHO,VVS
GAYLE,ABCDEFU
ANGÈLE,DÉMONS
KOBA LAD,DOUDOU
ORELSAN,JOUR MEILLEUR
NAPS,BEST LIFE
IMAGINE DRAGONS,ENEMY
STROMAE,L?ENFER
VALD,ANUNNAKI
ROSALÍA,LA FAMA
CKAY,LOVE NWANTITI
VALD,PEON
ED SHEERAN,SHIVERS
JUL,LA MISS
GLASS ANIMALS,HEAT WAVES
LOST FREQUENCIES,WHERE ARE YOU NOW (REMIX PACK)
GABRY PONTE/LUM!X/PREZIOS...,THUNDER
CKAY,EMILIANA
JAYMES YOUNG,INFINITY
TAYC,D O D O
RONISIA,MELODIE (TATAMI)
NINHO,VÉRITÉ
ANGÈLE,BRUXELLES JE T'AIME
YANNS,CLIC CLIC PAN PAN
PLK FT OBOY,ATTENTAT FEAT.OBOY
SWEDISH HOUSE MAFIA,MOTH TO A FLAME
1PLIKÉ140,CANADA
VALD,MAUDIT
"TREI DEGETE, SQUEEZIE, KR...",TIME TIME
ADELE,EASY ON ME
ZIAK,FIXETTE
LE CLASSICO ORGANISÉ,LE CLASSICO ORGANISÉ
RONISIA,SUIS-MOI
FREEZE CORLEONE & ASHE 22,DÉGRADÉ
CLARA LUCIANI,RESPIRE ENCORE
GAZO,MAUVAIS 2X
VALD,LA FAUX LE FER
VALD,PAPOOSE
LANDY,R.A.S.
JNR CHOI & SAM TOMPKINS,TO THE MOON
LIL NAS X,THATS WHAT I WANT
KIM,LOVE & LOVÉ
VALD,PANDEMIE
"JUNGELI, IMEN ES, ALONZO",PETIT GÉNIE
SOOLKING,CASANOVA
DAVE/TIAKOLA,MERIDIAN
HEUSS L'ENFOIRÉ & GAZO,SAIYAN
FREEZE CORLEONE,JOUR DE PLUS
KEBLACK,LAISSE MOI
FREEZE CORLEONE,MW2
DOJA CAT,PAINT THE TOWN RED
FAVÉ,FLASHBACK
FREEZE CORLEONE,ANCELOTTI
FREEZE CORLEONE,SHAVKAT
KENYA GRACE,STRANGERS
FREEZE CORLEONE,KPOP
LOREEN,TATTOO
FREEZE CORLEONE,VOLDEMORT
FREEZE CORLEONE,BILL CLINTON
FREEZE CORLEONE,LAMBORGHINI BÉNIE
DUA LIPA,DANCE THE NIGHT (FROM BARBIE THE ALBUM)
FREEZE CORLEONE,ISSHIN ASHINA
DAVE/TIAKOLA,SPECIAL
FREEZE CORLEONE,TSE CHI LOP
FREEZE CORLEONE,AMÉRIQUE DU SUD
NINHO,EUROSTAR (FEAT. CENTRAL CEE)
NINHO & AYRA STARR,NO LOVE
FREEZE CORLEONE,L'HOMME MÉTHODE
BECKY G,ARRANCA (REMIXES)
PLK,NOUVELLES
"ROSALÍA, RAUW ALEJANDRO",BESO
NO LIMIT,LA RUE
BURNA BOY,CITY BOYS
VICTOR THOMPSON,THIS YEAR (BLESSINGS)
TRINIX,THE MAGIC KEY
NAPS,C'EST CARRÉ LE S
MORAD,SE GRITA
"KANEKI, NINHO & NAPS",BLUE
TATE MCRAE,GREEDY
FREEZE CORLEONE,ARGENT NOIR PART. 3
"TRINIX, FAFÁ DE BELÉM",EMORIO
"JEY BROWNIE, FLEM KGB",GTB
PEGGY GOU,(IT GOES LIKE) NANANA
AYA NAKAMURA,CHÉRIE
"JUL FEAT. SCH, NAPS, KOFS...",BANDE ORGANISÉE
MASTER KG FEAT. BURNA BOY...,JERUSALEMA
AYA NAKAMURA,JOLIE NANA
DADJU FEAT. NINJO,GRAND BAIN
FRANGLISH FEAT. TORY LANE...,MY SALSA
JAWSH 685 & JASON DERULO,SAVAGE LOVE (LAXED - SIREN BEAT)
BOSH,DJOMB
MAC TYER FEAT. NINHO,MOTO
TAYC,N'Y PENSE PLUS
"BLACK EYED PEAS, OZUNA & ...",MAMACITA
DABABY FEAT. RODDY RICCH,ROCKSTAR
UZI,À LA FÊTE
WEJDENE,ANISSA
ROBIN SCHULZ & WES,ALANE
TOPIC FEAT. A7S,BREAKING ME
BOLÉMVN & MAES,10K
OFENBACH & QUARTERHEAD FE...,HEAD SHOULDERS KNEES & TOES
JUL,ITALIA
GRAND CORPS MALADE & CAMI...,MAIS JE T'AIME
HATIK FEAT. JOK'AIR,LA MEILLEURE
GAMBI,MACINTOSH
BOOBA,DOLCE VITA
BOOBA FEAT. ZED,JAUNÉ
DJADJA & DINAZ,FÉFÉ LAMBO
OBOY,CABEZA
ZOLA,WOW
BRAMSITO FEAT. NISKA,CRIMINEL
HARRY STYLES,WATERMELON SUGAR
SIFAX & SOFIANE,MECS DE CITÉS
PLK,C'EST MORT
AVA MAX,KINGS & QUEENS
KAARIS,FREESTYLE 2.7.0
GAMBI,PUFF PUFF PUFF
CONKARAH FEAT. SHAGGY,BANANA
HORNET LA FRAPPE,TOURNER LA TÊTE
THE WEEKND,IN YOUR EYES
DRAKE FEAT. LIL DURK,LAUGH NOW CRY LATER
13 BLOCK FEAT. NISKA,TIEKS
LUCKY LUKE,COOLER THAN ME
BAD BUNNY & JHAY CORTEZ,DÁKITI
BOOBA,RATPI WORLD
RIM'K,COSMOS
"JUL, SCH",MOTHER FUCK
NAZA FEAT. NISKA,JOLI BÉBÉ
OLIVIA RODRIGO,DRIVERS LICENSE
CJ,WHOOPTY
24KGOLDN FEAT. IANN DIOR,MOOD
BENAB,ANDALE
DADJU,DIEU MERCI
ROBIN SCHULZ,ALL WE GOT (FEAT. KIDDO)
WEJDENE,RÉFLÉCHIR
NIRO & PLK,FILS 2
AYA NAKAMURA,PLUS JAMAIS (FEAT. STORMZY)
UZI,COEUR ABÎMÉ
MASTER KG,JERUSALEMA (FEAT. NOMCEBO ZIKODE)
KORE X LACRIM,MANGO
PLK,PILOTE
INTERNET MONEY,LEMONADE
MAÎTRE GIMS,JUSQU'ICI TOUT VA BIEN
UZI,BELLA
KOBA LAD,COFFRE PLEIN
SOFIANE,NOUVEAUX PARRAINS
1PLIKÉ140,LOPSA STORY
HATIK,MER
POP SMOKE,WHAT YOU KNOW BOUT LOVE
DAMSO,911
GRAND CORPS MALADE,MAIS JE T'AIME
BENAB,MALADIE
SIA,COURAGE TO CHANGE
SCH,"LA VIE DU BINKS (FEAT. HORNET LA FRAPPE, LETO, SAD..."
JUL,FOLIE
ZOLA,BRO BRO
LADY GAGA & ARIANA GRANDE,RAIN ON ME
MOHA LA SQUALE,BASTA NA BASTA
KAZA,DANS TES YEUX
RK,SOS
SOSO MANESS FEAT. DA UZI,ZODIAQUE
JUL,FAIT D'OR
BOSH,SOLITAIRE
PLK,UN PEU DE HAINE
KOBA LAD,MARIE
PLK,PROBLÈMES
CHILY,SAN PELLEGRINO
NISKA FEAT. NINHO,MÉCHANT
Y2K & BBNO$,LALALA
LEFA FEAT. VALD,BITCH
AYA NAKAMURA,SOLDAT
DJ SNAKE & J. BALVIN FEAT...,LOCO CONTIGO
VEGEDREAM FEAT. NINHO,ELLE E2T BONNE SA MÈRE
LOMEPAL,FLASH
RÉMY,ALIBI
DADJU,CONFESSIONS
ANGÈLE,PERDUS
SELENA GOMEZ,LOSE YOU TO LOVE ME
ANGÈLE,FLOU
LETO FEAT. NINHO,TES PARENTS
TRAVIS SCOTT,HIGHEST IN THE ROOM
VITAA & SLIMANE,ÇA VA ÇA VIENT
IMAGINE DRAGONS,BIRDS
SIA,UNSTOPPABLE
LOMEPAL,REGARDE-MOI
ZOLA,COEUR DE ICE
DJADJA & DINAZ,CAPITAINE
GAZO,NO LÈCHE
ZOLA,TOUTE LA JOURNÉE
GIANNI,ACOLYTE
ZOLA,ENVIE7VIE
ZIAK,PISTOL & ZAMAL
MYLÈNE FARMER,RALLUMER LES ÉTOILES
COI LERAY,PLAYERS
LIZZO,2 BE LOVED (AM I READY)
NINHO,LA VIE QU ON MENE
ZKR,TU VOIS COMMENT ?
"LANDY, NISKA",MILLIONS D'EUROS
DJADJA & DINAZ,BOOSKA 77
LANDY,ENFANTS TERRIBLES
"HEUSS L'ENFOIRÉ, VALD",CANADA
JUL,LOIN DE TOUT
ZKR,TRAVAIL D'ARABE
ZKR,INTRO #9
HATIK,LA MEILLEURE
ZOLA FEAT. SCH,9 1 1 3
AYA NAKAMURA,LA MACHINE
LETO,VIE DE STAR (FEAT. NINHO)
MISTER V,GAS
BOSH,SLIDE
DADJU,AMOUR TOXIC
DAVID GUETTA,LET'S LOVE (FEAT. SIA)
SIA,SNOWMAN
ZKR,ROMANCE CRIMINELLE
ZKR,59 CARATS
JUL,LA PASSAT
"THE SCOTTS, TRAVIS SCOTT ...",THE SCOTTS
MEGAN THEE STALLION,SAVAGE
BENEE FEAT. GUS DAPPERTON,SUPALONELY
TRAVIS SCOTT FEAT. KENDRI...,GOOSEBUMPS
TRAVIS SCOTT,SICKO MODE
DRAKE FEAT. PLAYBOI CARTI,PAIN 1993
ROBIN SCHULZ FEAT. ALIDA,IN YOUR EYES
LE CLASSICO ORGANISÉ,LOI DE LA CALLE
BOOBA,GERONIMO
PLK,A LA BASE
STROMAE,SANTÉ
LOST FREQUENCIES,WHERE ARE YOU NOW
LETO,MAPESSA (FEAT. TIAKOLA)
"KALASH, GAZO",TU LE SAIS
NISKA,MAPESS
NISKA,LE MONDE EST MÉCHANT
COLDPLAY & BTS,MY UNIVERSE
TIMAL,LA BEU BEU
SIA,1+1 (FEAT. AMIR)
LAETI,BRILLER
IMEN ES,FANTÔME
KENDJI GIRAC,DANS MES BRAS
TIMAL,FUEGO
HAMZA,SADIO
HAMZA,MA RÉALITÉ
HAMZA,CODÉINE 19
HAMZA,ATASANTÉ PART.2
WERENOI,3 SINGES
HAMZA,AU BOUT DE LA NUIT
ZIAK,MÊME PAS UN GRINCEMENT
NIRO,QUI SAIT ?
"HÖS COPPERFIELD, NINHO",À L'AUBE
ZIAK,CHROME
HAMZA,TSUNAMI
MYLÈNE FARMER & AARON,RAYON VERT
HAMZA,ONLY U
ZIAK,TOMB RAIDER
ZOLA,NOCHEY
ZOLA,L'ARMOIRE
ZOLA,FROSTIES
ZOLA,ELECTRO
ZOLA,ZAZA
ZOLA,BRULURES INDIENNES
ZOLA,COTE HUBLOT
ZOLA,GORGEE POUR LES MORTS
ZOLA,MAKE UP
ZOLA,CARTIER PANTHÈRE
KAZA,HRTBRK #6
ZKR,PHILLY
FRESH LADOUILLE & MAES,BÉNÉFICE
NISKA,CHARGÉ
DJ KAYZ,MONTE LE SON
BILTON,CHICHA MENTHE
BENAB,AU CLAIR DE LA RUE
TAYC,COMME TOI
INDOCHINE & CHRISTINE AND...,3SEX
LETO,17%
LETO,DERRIÈRE NOS TOURS (FEAT. MAES)
LETO,POWER
LETO,OUAIS OUAIS (FEAT. HAMZA)
LETO,TOUT RECOMMENCER
LETO,RIHANNA
LETO,PETIT FRÈRE
LETO,CHRISTIAN DIOR (FEAT. MHD)
LETO,ALL EYEZ ON ME
LETO,PRADA
LETO,T'AVAIS RAISON
LETO,JEUNE SOLDAT
WEJDENE,COCO
BTS,DYNAMITE
KAARIS,ILLIMITÉ
CARDI B FEAT. MEGAN THEE ...,WAP
KOBA LAD,OHLOLO
AMEL BENT & IMEN ES,JUSQU'AU BOUT
POP SMOKE FEAT. LIL BABY ...,FOR THE NIGHT
EVA (FR),CHELOU
NINHO,AÏCHA
NINHO,ARME DE POING
NINHO,SKY PRIORITY
MARIAH CAREY,ALL I WANT FOR CHRISTMAS IS YOU (MARIAH'S NEW DANC...
NINHO,OG
NINHO,NO LIFE
GAYLE,ABCDEFU (FEAT. ROYAL & THE SERPENT)
NINHO,INTRO
LE CLASSICO ORGANISÉ,LE CLASSICO ORGANISE
ORELSAN,L'ODEUR DE L'ESSENCE
NINHO,OUTRO
NINHO,MOOD
ORELSAN,LA QUÊTE
LE CLASSICO ORGANISÉ,COEUR DE PIRATE
NINHO,ATHÉNA
ORELSAN,DU PROPRE
NINHO,LA MAISON QUE JE VOULAIS
NISKA,N.I
NINHO,YSL
WHAM!,LAST CHRISTMAS
NINHO,RER D
ACRAZE,DO IT TO IT
GIMS & VITAA,PRENDS MA MAIN
BOOBA,PRT
PLK,ATTENTAT
ZIAK,RHUM & MACHETTE
ZIAK,AKIMBO
ZIAK,SHONEN
PLK FT SCH,INCONTROLABLES
LE CLASSICO ORGANISÉ,C?UR DE PIRATE
PLK,R.A.F
ZIAK,GALERIE
ZIAK,ESPACE
NISKA,BLUE MAGIC
ZIAK,LLORET DE MAR
PLK FT SDM,EN VILLE
ZIAK,VRAI / FAUX
ZIAK,PRIÈRE
NISKA,JOTA
ZIAK,PARASITE
PLK,BOOST
ZIAK,S.P.S
ZIAK,GROS LOT
LACRIM,KANUN
PLK,SI ÇA MARCHE PLUS
NISKA,44
PLK,AMÉRIQUE
PLK,PERDU
JUL FEAT. ALONZO,QUELQU'UN D'AUTRE T'AIMERA
JUL FEAT. SHAY,PIM POM
DRAKE,NONSTOP
DAMSO,60 ANNéES
JUL,COUP DE GENOUX
DAMSO,DIX LEURRES
DAMSO,JULIEN
JUL,FAIS MOI LA PASSE
KAARIS,G.O.K.O.U
DAMSO,BALTRINGUE
HAMZA,NASA
HAMZA,COCORO
HAMZA,MURDER
HAMZA,PLUS JAMAIS LA MÊME
HAMZA,WWE
HAMZA,SINCÈREMENT
BURNA BOY,ALONE
HEUSS L'ENFOIRÉ,LA MARSEILLAISE
DADJU,SAIGNE
"VIANNEY, ED SHEERAN",CALL ON ME (FEAT. ED SHEERAN)
OXLADE,KU LO SA - A COLORS SHOW
IMAGINE DRAGONS,SHARKS
BURNA BOY,LAST LAST
PLK,ÉMOTIF (BOOSKA 1H)
LETO ET GUY2BEZBAR,TP1G
DAMSO,?. MOROSE
BOOBA,KAYNA
DAMSO,?. 2 DIAMANTS
DAMSO,?. VANTABLACK
WEJDENE,JE T'AIME DE OUF
DAMSO,?. DOSE
DAMSO,?. CHIALER
DAMSO,?. THEVIE RADIO
DAMSO,?. PASSION
LORENZO,LÉGENDE VIVANTE
DAMSO,?. OG
BONEY M.,RASPUTIN
MASKED WOLF,ASTRONAUT IN THE OCEAN (REMIX)
WILLOW SAGE HART,COVER ME IN SUNSHINE
DAMSO,?. VIVRE UN PEU
DJADJA & DINAZ,À COUR OUVERT
DAMSO,?. ZWAAR
ZOE WEES,GIRLS LIKE US
FAOUZIA (FEAT. JOHN LEGEN...,MINEFIELDS
DISIZ,RENCONTRE
AYA NAKAMURA,DÉGAINE (FEAT. DAMSO)
SOOLKING,SUAVEMENTE
DA UZI,ON SE REVERRA PLUS (FEAT. GAZO)
RIDSA,SANTA MARIA
LYNA MAHYEM,MAL DE TOI
RUSS MILLIONS/BUNI/YV,ONE OF A KIND MUSIC PRESENTS REGGAE & CALYPSO
ALONZO,TRAFICANTE
CAMILA CABELLO,BAM BAM
JOSMAN,INTRO
SDM,PASSAT
KUNGS,CLAP YOUR HANDS
PASCAL LETOUBLON,FRIENDSHIPS (LOST MY LOVE)
FARRUKO,EL INCOMPRENDIDO
DA UZI,KONGOLAIS MAUVAIS (FEAT. NINHO)
"YARO, NINHO",DERNIER ETAGE
NEKFEU FEAT. DAMSO,TRICHEUR
LORENZO,NIQUE LA BAC
ROMÉO ELVIS,SOLEIL
JUL,JCVD
MAÎTRE GIMS FEAT. MALUMA,HOLA SEÑORITA
MEDUZA FEAT. GOODBOYS,PIECE OF YOUR HEART
NISKA,DU LUNDI AU LUNDI
DOSSEH FEAT. MAES,L'ODEUR DU CHARBON
DJADJA & DINAZ,BÉNÉFICE MAX
LORENZO,DAMDAMDEO
MARTIN GARRIX FEAT. MACKL...,SUMMER DAYS
NEKFEU,CHEUM
KOBA LAD,FOUR
NEKFEU FEAT. NEMIR,ELLE PLEUT
SOPRANO FEAT. VINCENZO,LE COACH
BOOBA,GLAIVE
LUM!X & GABRY PONTE,MONSTER
"ANUEL AA, DADDY YANKEE & ...",CHINA
LORENZO FEAT. ORELSAN,TOUJOURS PLUS
EVA,JAZZ
FRESH,CHOP (NOUVELLE ÉCOLE)
KATE BUSH,RUNNING UP THAT HILL (A DEAL WITH GOD)
SDM,REDESCENDS
GAZO,MOLLY - A COLORS SHOW
JUL,SUPERSTAR
NAPS,VAMOS
GAZO,CELINE 3X
GAZO,BODIES
IMANBEK,BELLY DANCER
IMAGINE DRAGONS,BONES
WILLY WILLIAM,TROMPETA
FRESH,DRAMA QUEEN
DADJU,TOKO TOKO
ELLEY DUHÉ,MIDDLE OF THE NIGHT
KEEN'V,OUTÉTÉ
LADY GAGA,HOLD MY HAND
FIREBOY DML & ED SHEERAN,PERU
RK,AQUA
SOUND OF LEGEND,MANIAC
ED SHEERAN,2STEP
LIZZO,ABOUT DAMN TIME
TIMAL FEAT. LETO,WEEK-END
TIMAL FEAT. PLK,PROMIS
TIMAL,LA 13
TIMAL,COPILOTE
TIMAL,DISPONIBLE
LADY GAGA,STUPID LOVE
NAPS FEAT. MAES,POURCENT
MISTER V FEAT. JUL,PIRELLI
TIMAL,ROUTINE
SDM FEAT. BOOBA,LA ZONE
YARO FEAT. NINHO & PLK,MEC DE CITÉ
TIMAL,LE TEMPS PASSE
TIMAL,CALIENTE
AYA NAKAMURA FEAT. STORMZ...,PLUS JAMAIS
DUA LIPA FEAT. ANGÈLE,FEVER
ZOLA,PAPILLON
ZOLA FEAT. LETO,MA JOLIE
DADJU FEAT. TIAKOLA,DIEU MERCI
KOBA LAD FEAT. MAES & ZED,COFFRE PLEIN
AYA NAKAMURA,DOUDOU
AYA NAKAMURA FEAT. OBOY,PRÉFÉRÉ
ZOLA,MADAME
INTERNET MONEY & GUNNA FE...,LEMONADE
ZOLA,LE SAUVEUR
KALASH CRIMINEL FEAT. JUL,DANS LA ZONE
PLK & HAMZA,PILOTE
ZOLA,MULA
KALASH CRIMINEL FEAT. NEK...,TURN UP
KALASH CRIMINEL FEAT. NIS...,TU PANIQUES
ZOLA,POLLOS HERMANOS
ZOLA,TLMA
ZOLA,PISTOU
NAZA,FAUT PARDONNER
KALASH CRIMINEL FEAT. DAM...,BUT EN OR
LACRIM FEAT. MAES,BOSTON GEORGE
ARIANA GRANDE,POSITIONS
ZOLA,CACHE CASH
AYA NAKAMURA,TCHOP
LETO,MACARONI
ZOLA,LES PURISTES
ZOE WEES,CONTROL
BILLIE EILISH,THEREFORE I AM
ZOLA,MONEY TRAIN
BOOBA,5G
ZOLA,TU CONNAIS L'GANG
HAMZA FEAT. DAMSO,GOD BLESS
JUSTIN BIEBER,YUMMY
HAMZA FEAT. GAMBI,GASOLINA
DAMSO,DEUX TOILES DE MER
DAMSO FEAT. HAMZA,BXL ZOO
KOBA LAD FEAT. FREEZE COR...,7 SUR 7
WEJDENE,16
DAMSO,LIFE LIFE
DAMSO FEAT. LOUS AND THE ...,COEUR EN MIETTES
FREEZE CORLEONE,FREEZE RAËL
LACRIM,JACQUES CHIRAC
DAMSO,BPM
DAMSO,MEVTR
DAMSO,SENTIMENTAL
WEJDENE,ALLO
WEJDENE,CIAO
DAMSO,D'JA ROULÉ
CARBOZO & NINHO,CARBOZO 2.0
WEJDENE,MIEL
WEJDENE,NANANEH
DAMSO,ROSE MARTHE'S LOVE
TIMAL,GANG
VEGEDREAM & TAYC,POUR NOUS
WEJDENE,+ 33
FREEZE CORLEONE FEAT. ALP...,RAP CATÉCHISME
FREEZE CORLEONE,HORS LIGNE
DAMSO,POUR L'ARGENT
"FRESH, NISKA",ALLEZ DEHORS
BEENDO Z,PAS BÊTE
LA PETITE CULOTTE,LA GOFFA LOLITA
TIMAL,CAMÉLÉON
TIAKOLA,MODE AV
SLIMANE,LA RECETTE
FARRUKO,NAZARENO
BEYONCÉ,BREAK MY SOUL
MISTER V FEAT. DOSSEH,GANG
THE WEEKND,AFTER HOURS
BILLIE EILISH,NO TIME TO DIE
MARWA LOUD,ALLEZ LES GROS
FUTURE FEAT. DRAKE,LIFE IS GOOD
BTS FEAT. SIA,ON
NAZA,SOURIS VERTE
6IX9INE,GOOBA
DADJU,BOBO AU COEUR
ROSALÍA & TRAVIS SCOTT,TKN
IÑIGO QUINTERO,SI NO ESTÁS
WERENOI,MAGOT
"JOGGA FT. WILSKO, 7IA",SKEU SKEU
IKAZ BOI,BALLE DANS LE COEUR
WERENOI,MAUVAISE
DAVID KUSHNER,DAYLIGHT
WERENOI,CR
WERENOI,CHEMIN D'OR
CASSO/RAYE/D-BLOCK EUROPE,PRADA
DADJU,LA GUITARE SUIT LA MÉLO
WERENOI,TU CONNAIS
LETO,PRÉJUDICE
ZOKUSH,1 2 3 4
WERENOI,ROLLS ROYCE
NIAKS,PERM
"JUNG KOOK, JACK HARLOW",3D
NIAKS,MAHMOUMA
ORELSAN,SHONEN
ORELSAN,SEUL AVEC DU MONDE AUTOUR
ORELSAN,CASSEURS FLOWTERS INFINITY
ORELSAN,RÊVE MIEUX
ORELSAN,BAISE LE MONDE
ORELSAN,BÉBÉBOA
ORELSAN,MANIFESTE
ORELSAN,ENSEMBLE
ORELSAN,CIVILISATION
ORELSAN,ATHÉNA
ORELSAN,DERNIER VERRE
ED SHEERAN,SHIVERS (FEAT. JESSI & SUNMI)
GUY2BEZBAR,FENDI LOVE
"TAYC, TIAKOLA",P A S C O M M E Ç A
AMBIANCE SKANDAL,OFFISHAL
ADELE,OH MY GOD
TAYC,D O N N E L E M O I
RIM'K,BENZO
ALONZO,CAPO
KORE X PLK,PAS BIEN
ALRIMA,C'EST COMMENT
JULIEN DORÉ,NOUS
TOM GREGORY,RATHER BE YOU
HEUSS L'ENFOIRÉ FEAT. SOF...,KHAPTA
MYLÈNE FARMER,DÉSOBÉISSANCE
PNL,KUTA UBUD
NINHO,SANS PEINE
PNL,91'S
MAÎTRE GIMS,MIAMI VICE
DAMSO,INTRODUCTION (DAMSO / LITHOPéDION)
DAMSO,FESTIVAL DE RêVES
DAMSO,AUX PARADIS
VITAA FEAT. JUL,CA LES DéRANGE
XXXTENTACION,JOCELYN FLORES
VITAA FEAT. STROMAE,COMME DAB
DAMSO,PERPLEXE
MAîTRE GIMS & SUPER SAKO ...,MI GNA
DAMSO,WILLIAM
DAMSO,NOIR MEILLEUR
DJ HAMIDA FEAT. LARTISTE,CIAO BELLA
DAMSO,NMI
XXXTENTACION,THE REMEDY FOR A BROKEN HEART (WHY AM I SO IN LOVE...
MAîTRE GIMS FEAT. LIL WAY...,CORAZóN
NUIT INCOLORE,DÉPASSÉ
IMAGINE DRAGONS,WAVES
DAVE & CENTRAL CEE,SPRINTER
"NAZAKEBLACK, NAZA, KEBLAC...","1,2,3 SOLEIL"
JUL,LA FAILLE
"KENDJI GIRAC, VIANNEY",LE FEU
BILLIE EILISH,"WHAT WAS I MADE FOR? [FROM THE MOTION PICTURE ""BAR..."
MENTISSA,MAMMA MIA
PURPLE DISCO MACHINE & KU...,SUBSTITUTION
R3HAB/INNA/SASH!,ROCK MY BODY
PLK,DEMAIN
ROMSII,NOTOTUNE
GAMBI & NLE CHOPPA,BONJOUR
NINHO,PARIS C'EST MAGIQUE
NINHO FEAT. JUL,JUSQU'À MINUIT
NINHO,JEUNE LOSSA
NINHO FEAT. KOBA LAD,LA VIVANCE
NINHO,TOKAREV
NINHO,BIG PAC
NINHO,L'ANCIEN
NINHO FEAT. TITO,ZÉRO PALUCHE
NINHO,NI
HEUSS L'ENFOIRÉ,LES MÉCHANTS
EVA FEAT. LARTISTE,ON FLEEK
DJADJA & DINAZ,DRÔLE DE MENTALITÉ
CLARA LUCIANI,LA GRENADE
DAVID GUETTA FEAT. BEBE R...,SAY MY NAME
ROBIN SCHULZ FEAT. ERIKA ...,SPEECHLESS
EVA,BELLA
LOMEPAL FEAT. ROMÉO ELVIS,1000°C
MARK RONSON FEAT. MILEY C...,NOTHING BREAKS LIKE A HEART
JOK'AIR,CLUB DES 27
DJADJA & DINAZ,BOMBA
SOSO MANESS,PUTA MADRE
OLIVIA RODRIGO,GOOD 4 U
L'ALGERINO,SAPAPAYA
"DJ QUICK, NINHO & HAMZA",ELLE M'A DIT
SOSO MANESS,LES DERNIERS MARIOLES
IMEN ES,ESSAIE ENCORE
TIAKOLA,POUSSE TOI
JOSMAN,BRULE
JOSMAN,MORT CE SOIR
JOSMAN,L'OEIL DE LA JOCONDE
JOSMAN,POP
JOSMAN,AHGARS!
JOSMAN,PLU$$$
JOSMAN,VACCIN
JOSMAN,MCQUEEN / GIVENCHY
LAMATRIX,11H
JOSMAN,"PEACE, HAINE, LOVE"
JOSMAN,F?I?E?S?T?A? (INTERLUDE)
KUNGS,NEVER GOING HOME (LOST FREQUENCIES EXTENDED REMIX)
NISKA,DE BON MATIN
TIMAL,LA 14
MAES,IMPARFAIT
IMEN ES FEAT. DADJU,CHELOU
NISKA,W.L.G
DRAKE,IN MY FEELINGS
KPOINT FEAT. NINHO,MA 6T A CRAQUé
"SOFIANE FEAT. VALD, MAC T...",WOAH
HORNET LA FRAPPE,TAGA
MOHA LA SQUALE,LUNA
6IX9INE FEAT. NICKI MINAJ...,FEFE
MARWA LOUD,BAD BOY
JONAS BLUE FEAT. JACK & J...,RISE
DJ BABS FEAT. 4 KEUS,TOUT EST BON
NAZA,P*TAIN DE M*RDE
TIëSTO & DZEKO FEAT. PREM...,JACKIE CHAN
A$AP ROCKY FEAT. SKEPTA,PRAISE THE LORD (DA SHINE)
HOSHI,TA MARINIèRE
ARMIN VAN BUUREN,BLAH BLAH BLAH
"NIO GARCIA, DARELL & CASP...",TE BOTé
AYA NAKAMURA,ÇA FAIT MAL
AYA NAKAMURA,WHINE UP
KALASH CRIMINEL,COUGAR GANG
SCH FEAT. NINHO,PRêT à PARTIR
AYA NAKAMURA,GANGSTER
SOOLKING,VROOM VROOM
AYA NAKAMURA,FAYA
SOPRANO FEAT. NISKA,ZOUM
"GRINGE FEAT. ORELSAN, VAL...",QUI DIT MIEUX
JUL,POUSSETTE
ANGèLE,JALOUSIE
NISKA,PASSA PASSA (#BOOSKAMECHANT)
KEZAH FEAT. FREDDY & SQUE...,MIRADOR
JUL FEAT. NINHO,TEL ME
NAPS FEAT. HEUSS L'ENFOIR...,RAPPELLE-TOI
NINHO,FREESTYLE LVL UP 2
NINHO,FREESTYLE LVL UP 1
DYSTINCT,TEK TEK
NINHO,FREESTYLE LVL UP 3
NAPS,LA DANSE DU RORO
DAVID GUETTA,BABY DON'T HURT ME (FEAT. COI LERAY)
CALVIN HARRIS & ELLIE GOU...,MIRACLE
KAROL G,TQG
WERENOI,SOLITAIRE
ED SHEERAN,EYES CLOSED
BLACK EYED PEAS,BAILAR CONTIGO
SOUND OF LEGEND,SOME KIND OF KISS
JAIN,THE FOOL
VALD,JOURNAL PERSO II
TIMAL,CAVALER
NISKA,SILICONÉ
NISKA,MR SAL
JUL,C'EST PAS DES LOL
LIL TECCA,RANSOM
GAMBI,LA GUENAV
ED SHEERAN FEAT. KHALID,BEAUTIFUL PEOPLE
RONISIA,MÉLODIE (TATAMI)
MADEINPARIS,SEX (INTERLUDE)
THE WEEKND,SACRIFICE
TINLICKER,BECAUSE YOU MOVE ME
LETO,MOZART CAPITAINE JACKSON (EPISODE 2)
VEGEDREAM,ON A L'HABITUDE (OK MANY)
ZKR,LES GENTILS BANDITS
LORENZO,LA KUSH
ORELSAN,CP_004_ JUSTE UN DERNIER
ORELSAN,CP_002_ LES AVENTURES DE MINISAN
ORELSAN,CP_005_ OK... SUPER...
ORELSAN,CP_001_ INTRO CIVILISATION PERDUE
ORELSAN,CP_006_ AH LA FRANCE
ORELSAN,CP_003_ TOUJOURS PERDU QUAND MÊME
ORELSAN,CP_007_ POINT DE RUPTURE
"FRESH, SCH",SPÉCIALE
ORELSAN,CP_010_ ON A GAGNÉ
FRANGLISH,MANO
ORELSAN,CP_008_ NOUS CONTRE LE MONDE
BOOBA,GP
BOOBA,VVV
BOOBA,ULTRA
BOOBA,RST
BOOBA,BONNE JOURNÉE
BOOBA,VUE SUR LA MER
BOOBA,JE SAIS
BOOBA,DERNIÈRE FOIS
BOOBA,AZERTY
BOOBA,L'OLIVIER
BOOBA,GRAIN DE SABLE
BOOBA,31
SERGE IBAKA,CHAMPION
JUL,CARRÉ D'AS
JUL,MOI
FRESH,CHOP
UZI,TROPHÉE
S-CREW,NEK O - SINGLE
BIGFLO & OLI,J'ÉTAIS PAS LÀ
TIAKOLA,ATASANTE
S-CREW,22 - SINGLE
JUL,ÇA TOURNE DANS MA TÊTE
LOMEPAL,TEE
BIGFLO & OLI,FAN
DJ SNAKE,DISCO MAGHREB
LACRIM FEAT. NINHO,DADINHO
13 ORGANISÉ FEAT. L'ALGÉR...,L'ÉTOILE SUR LE MAILLOT
"13 ORGANISÉ FEAT. KOFS, M...",13 BALLES
LACRIM FEAT. JUL,ERIC CANTONA
SOFIANE FEAT. SCH,AMERICAN AIRLINES
LACRIM,VÉGÉTA
LACRIM FEAT. NISKA,NIPSEY HUSSLE
LACRIM,RAFA & CARLOS
GREEN MONTANA FEAT. BOOBA,TOUT GACHER
LACRIM,EL PROFESSOR
"13 ORGANISÉ FEAT. MANY, J...",COMBIEN
"13 ORGANISÉ FEAT. KOFS, O...",MA GADJI
"NINHO, 91 ALL STARS",LA ZONE
13 ORGANISÉ FEAT. AKHENAT...,JE SUIS MARSEILLE
LACRIM,PENELOPE CRUZ
LACRIM,PICASSO
LUCENZO,NO ME AMA
13 ORGANISÉ FEAT. THABITI...,WAR ZONE
LACRIM FEAT. LETO,BIG MEECH
GLORIA GAYNOR,I WILL SURVIVE
NICKY JAM FEAT. WILL SMIT...,LIVE IT UP
MAGIC SYSTEM FEAT. CHAWKI,MAGIC IN THE AIR
ARIANA GRANDE,GOD IS A WOMAN
LEFA FEAT. LOMEPAL,PARADISE
DOSSEH,A CHAQUE JOUR...
CECILIA KRULL VS. GAVIN M...,MY LIFE IS GOING ON
EVA (FR),COEUR NOIR
JSX & BOOBA,POMPEII
DINOS FEAT. NEKFEU,MOINS UN
LANDY FEAT. NISKA,MILLIONS D'EUROS
MAÎTRE GIMS FEAT. HEUSS L...,SICARIO
HEUSS L'ENFOIRÉ FEAT. VAL...,MATRIXÉ
VALD,GOTAGA
MAÎTRE GIMS,CÔTÉ NOIR
DUA LIPA,LEVITATING
MAÎTRE GIMS,YOLO
DJ KAYZ & NISKA,MONTE LE SON
DINOS,PARANOÏAQUE
MAÎTRE GIMS FEAT. VALD,JETEZ PAS L'OEIL
KAARIS,GOULAG
RK & MAES,EUROS
DJADJA & DINAZ,PRBM
EVA,CHELOU
POP SMOKE FEAT. 50 CENT &...,THE WOO
LANDY,AUCUNE LIMITE
POP SMOKE,DIOR
HEUSS L'ENFOIRé FEAT. SOF...,KHAPTA
BOOBA,PGP
HEUSS L'ENFOIRé,LES MéCHANTS
LACRIM FEAT. 6IX9INE,BLOODY
LACRIM FEAT. SOOLKING,MALADIE
ARIANA GRANDE,"BREAK UP WITH YOUR GIRLFRIEND, I'M BORED"
RK,RéDEMPTION
LACRIM,RS6
LACRIM,PATRIZIA
YL,NINA
LACRIM FEAT. SNOOP DOGG,WEST COAST
DIPLO & NISKA,BOOM BYE BYE
PLK,DINGUE
HEUSS L'ENFOIRé FEAT. SOO...,BENDA
JAIN,OH MAN
KAARIS,OCTOGONE
LACRIM FEAT. KAYNA SAMET,EPROUVé
LACRIM FEAT. RICK ROSS,NEVER PERSONAL
LACRIM FEAT. FRENCH MONTA...,PUERTO RICO
LACRIM,JVLIUS
AYA NAKAMURA,FLY
AYA NAKAMURA,SENTIMENTS GRANDISSANTS
AYA NAKAMURA,LOVE DE MOI
AYA NAKAMURA,BIFF
AYA NAKAMURA,NIRVANA
AYA NAKAMURA,ÇA BLESSE
AYA NAKAMURA,HOT
AYA NAKAMURA FEAT. MS BAN...,MON LOSSA
NINHO,TOUTES LES COULEURS
NINHO,PRIVILÈGE
KOBA LAD FEAT. NINHO,ENCORE
NINHO,PROBLÈMES DU MATIN
BILAL HASSANI,ROI
KOBA LAD,FEFE
HEUSS L'ENFOIRé,L'ENFOIRé
HEUSS L'ENFOIRé FEAT. KOB...,GEORGE MOULA
HALSEY,WITHOUT ME
KAARIS,GUN SALUTE
KAARIS,AIEAIEOUILLE
HORNET LA FRAPPE,MAISON D?ARRÊT (FEAT. MAES)
KANYE WEST,HURRICANE
KANYE WEST,OFF THE GRID
HATIK,MA P'TITE ÉTOILE
ELTON JOHN,COLD HEART
LETO FEAT. KOBA LAD,IMMONDE
OLIVIA RODRIGO,VAMPIRE
NISKA,MENDOZA
PLK FEAT. TIMAL,TOUTE L'ANNÉE
NISKA,HASTA LUEGO
NISKA,VRAI
NISKA FEAT. HEUSS L'ENFOI...,MOULA
BOLÉMVN & KOBA LAD,SANKHARA #4 (CHIC)
PLK,HOLA
NISKA,LA ZONE EST MINÉE
NISKA FEAT. KOBA LAD,TOUS LES COULER
NIRO,EN DOUBLE APPEL
KOBA LAD FEAT. MAES,MATIN
PNL,MENACE
PNL,CELSIUS
PNL,COEURS
KOBA LAD,CELLOPHANÉ
PNL,LA MISÈRE EST SI BELLE
ALONZO FEAT. NINHO,C'EST ELLE
PNL,DÉCONNECTÉ
"JUNG KOOK, LATTO",SEVEN
DAVID GUETTA,BABY DON'T HURT ME
NINHO,LA VIE DE JOHNNY
NAHIR,PIRANHA
DYSTINCT FT NAZA,BUSINESS
NINHO,BLUE STORY (FEAT. LIL BABY)
NINHO,25 G
NINHO,RICH PORTER
NINHO & OMAH LAY,BAD
NINHO,CHIRAQ
NINHO,BON QU?À ÇA
NEKFEU,LES ÉTOILES VAGABONDES
NEKFEU,ALUNISSONS
NEKFEU,VOYAGE LÉGER
NEKFEU,TAKOTSUBO
PNL,MOWGLI II
NEKFEU,MENTEUR MENTEUR
NEKFEU,LE BRUIT QUI COURT
NEKFEU,PREMIER PAS
NEKFEU,CIEL NOIR
NEKFEU,DE MON MIEUX
NEKFEU FEAT. ALPHA WANN,COMPTE LES HOMMES
NEKFEU,OLÁ KALÁ
NEKFEU,KOALA MOUILLÉ
NEKFEU FEAT. CRYSTAL KAY,PIXELS
NEKFEU,1ER RÔLE
100 BLAZE FEAT. KOBA LAD,BINKS
AVICII FEAT. ALOE BLACC,SOS
LOMEPAL,MAUVAIS ORDRE
MIG,QUAND J'Y REPENSE
RSKO,CONTVCT (FEAT. AYA NAKAMURA)
GAZO,BECTE
"KALASH, DAMSO",MALPOLIS
WERENOI,SELFIE
LOMEPAL,HASARDER
RK,INDIANA
LETO,FLY
STROMAE,FILS DE JOIE
STROMAE,LA SOLASSITUDE
POST MALONE FEAT. YOUNG T...,GOODBYES
RK,PARDON MAMAN
BLACKPINK,PINK VENOM
DAVID GUETTA X BECKY HILL...,CRAZY WHAT LOVE CAN DO
EMKAL,"J'LA CONNAIS, PT. 1"
JUL,ENTRAÎNEMENT
JUL,ALCANTARA
JUL,COCO
JUL,RAGNAR
JUL,DP SUR LE MAILLOT
JUL,CHAGRINÉ
JUL,COURTOIS
JUL,MAZÉ
DAVID GUETTA,BABY DON'T HURT ME (FEAT. ANNE-MARIE & COI LERAY)
JUL,RANGE TON ÉGO
JUL,DROIT AU BUT
"NAZA, KEBLACK","1,2,3 SOLEIL"
SHAY,JOLIE GO
JUL,MONTANA
IKAZ BOI FEAT. DAMSO,SOLITERRIEN
PNL,TAHIA
HÖS COPPERFIELD FEAT. NIN...,MA GUAPA
BOOBA,FREESTYLE PIRATE
EVA,ALIBI
EVA FEAT. KEBLACK & NAZA,KITOKO
DJADJA & DINAZ,BONKASA
LUCENZO,BAILA PA MI
DUNCAN LAURENCE,ARCADE
ATB,YOUR LOVE (9PM)
GAZO,LETTRE A UN OPPS
AYA NAKAMURA,SMS
SDM,HIER ENCORE
NISKA,GENKIDAMA
SDM,FRANKLIN SAINT
SDM,FAME
SDM,JACQUE*** BAG
SDM,NWAR SUR NWAR
SDM,SI TU SAVAIS
SDM,RAGNAR
NOUR,PREMIER AMOUR
SDM,DANS LE CLUB
LADY GAGA,BLOODY MARY
LORENZO,COCO
KOBA LAD,LA C
KAARIS,NRV
LETO FEAT. NISKA,NOUVEAUX RICHES
FREEZE CORLEONE,DESIIGNER
NISKA & MADRANE,BANDIT CHEF
LEFA FEAT. SCH,SMILE
GAMBI,J'DEVIENS FOU
DJADJA & DINAZ,PLEIN LES POCHES
"DJADJA & DINAZ, SRNO",BB
DJADJA & DINAZ,MOI-MÊME
DJADJA & DINAZ,LA CAGE ET LA CLEF
DJADJA & DINAZ,DEMAIN SERA MEILLEUR
DJADJA & DINAZ,ESSAYEZ
DJADJA & DINAZ,CERTITUDE
DJADJA & DINAZ,MAILLER
"DJADJA & DINAZ, SRNO",PARÉ
DJADJA & DINAZ,LOYAL
SCH,PARANO
DJADJA & DINAZ,ANONYMAT
SCH,GRAND BAIN
SCH,CORRIDA
SCH,FOURNAISE
DJADJA & DINAZ,PERDU
DJADJA & DINAZ,LOUP
DJADJA & DINAZ,SPLEEN
SCH,ASSOCES
SCH,ZONE À DANGER
SCH,EURO
DJADJA & DINAZ,CA VA ALLER
SCH,ALUMINIUM
STROMAE,INVAINCU
STROMAE,C?EST QUE DU BONHEUR
STROMAE,PAS VRAIMENT
STROMAE,RIEZ
STROMAE,BONNE JOURNÉE
STROMAE,MON AMOUR
STROMAE,DÉCLARATION
STROMAE,MAUVAISE JOURNÉE
ZKR,TEMPS PERDU
FREEZE CORLEONE & ASHE 22,CARTIER
BENNETT,VOIS SUR TON CHEMIN
DRAKE,IDGAF (FEAT. YEAT)
RAYE,PRADA
DRAKE,VIRGINIA BEACH
KERCHAK,ROULE UN AUTRE (A COLORS SHOW)
NEJ,MA MUSE
CALVIN HARRIS & SAM SMITH,DESIRE
DRAKE,FIRST PERSON SHOOTER (FEAT. J. COLE)
BOOBA,KOA
TAYLOR SWIFT,ANTI-HERO
LUV RESVAL,TOUT S'EN VA
SOFIA CARSON,COME BACK HOME
LAYLOW,IVERSON
LAYLOW,WINDOW SHOPPER PART. 2
BOOBA,DRAGON
LAYLOW,UN REVE ETRANGE
LAYLOW,STUNTMEN
LAYLOW,WINDOW SHOPPER PART. 1
LAYLOW,UNE HISTOIRE ETRANGE
LAYLOW,LOST FOREST
LAYLOW,CA VA PAS ETRE POSSIBLE...
LAYLOW,QUE LA PLUIE
LAYLOW,HELP !!!
LAYLOW,BONSOIR MON VIEIL AMI
LAYLOW,TU VEUX DÉJÀ ME DIRE AUREVOIR ?
TOM WALKER,LEAVE A LIGHT ON
VALD,DéSACCORDé
MOHA LA SQUALE,BANDOLERO
MARWA LOUD,FALLAIT PAS
ORELSAN FEAT. STROMAE,LA PLUIE
NISKA,COUNTRY
NAPS FEAT. SOOLKING,FAVELA
4KEUS GANG,LE TEMPS PASSE
SKG,CASA DE PAPEL
LARTISTE,VAI ET VIENS
NINHO,M.I.L.S 2.0
EL PROFESOR,BELLA CIAO
RÉMY,BELLA CIAO
CAMILA CABELLO FEAT. YOUN...,HAVANA
DJ ERISE FEAT. AYA NAKAMU...,POURQUOI TU FORCES
DJ SNAKE,MAGENTA RIDDIM
VEGEDREAM X DJ LESKA,LA FUITE
LOMEPAL,YEUX DISENT
"DAVID GUETTA, MARTIN GARR...",LIKE I DO
TIAKOLA,ATASANTÉ
TIAKOLA,RORO
TIAKOLA,SI J'SAVAIS
TIAKOLA,SOZA
TIAKOLA,COUCHER DE SOLEIL
TIAKOLA,M3LO
TIAKOLA,PARAPLUIE
TIAKOLA,#TT
TIAKOLA,RIRI / NO CAMERA
TIAKOLA,R.I.PEACE
TIAKOLA,1NTRO'P
TIAKOLA,LA CLÉ
TIAKOLA,ARSENIK
DINOS,DU MAL À TE DIRE
JUL,ASSASSINAT
DJADJA & DINAZ,MANÈGE
JUL,C'EST LA CITÉ
JUL,LE BOUTON
ZKR,FREESTYLE 5MIN #11
JUL,JE N'AI PAS QUE DES POTES
JUL,JE KILL AU MIC
TATE MCRAE,GREEDY (REMIXES)
THE BEATLES,NOW AND THEN
JOGGA,SKEU SKEU (FEAT. WILSKO & 7IA)
"CASSÖ, RAYE, D-BLOCK EURO...",PRADA
MAES,AKATSUKI
JUL,J'FAIS QUE DANSER
SIA,GIMME LOVE
TYLA,WATER
"RSKO, SDM",MUCHO CUIR
SANTA,POPCORN SALÉ
JOSMAN,AILLEURS
OFENBACH,OVERDRIVE (FEAT. NORMA JEAN MARTINE)
"SATIVAMUSIC, MORAD, GIMS",SEYA
JOSMAN,PROBLEMES DE RICHE
JOSMAN,COHIBA
JUNG KOOK,STANDING NEXT TO YOU
JOSEPH KAMEL,CELUI QUI PART
KYO & COEUR DE PIRATE,DERNIÈRE DANSE
BAD BUNNY,MONACO
UZI,AKRAPO 7
SCH,VNTM
JOHNNY HALLYDAY,J'EN PARLERAI AU DIABLE
SCH,OTTO
SCH,TOKAREV
SCH,PHARMACIE
JOHNNY HALLYDAY,PARDONNE-MOI
SCH,FACILE
SCH,SKYDWELLER
SCH,IVRESSE & HENNESSY
SCH,MORT DE RIRE
KOBA LAD,TRAIN DE VIE
SCH,INCOMPRIS
COLUMBINE,ADIEU BIENTôT
SCH,BéNéFICE
SCH,CIEL ROUGE
NAZA FEAT. KEBLACK,ON T'A DIT
SCH,INTERLUDE - 420 MèTRES
SCH,J'T'EN PRIE
GATO FEAT BOOBA,HAÏ
DADJU FEAT. NEKFEU,PAIRE D'AS
DADJU FEAT. DAMSO,ROBE
"DADJU FEAT. KALY, SOOLKIN...",WOULI LIYA
SOPRANO FEAT. NINHO,MUSICA
DADJU,JE NE T'AIME PLUS
YG PABLO,AVM
KALASH & DAMSO,JTC
KEBLACK,TCHOP
HORNET LA FRAPPE FEAT. LE...,C'EST MORT
MAES,PRIORITAIRE
PLK,10 MINUTES - SINGLE
PLK,7/7 - SINGLE
PLK,CASH
PLK,POL-AK
PLK,PELO
PLK,PAS DE SENTIMENTS
PLK,PANAMA BENDE
ROSALÍA,LLYLM
DAMSO,DIEU NE MENT JAMAIS
LETO,DOUBLE BANG 10
JOSMAN,F*CKED UP 4
JOSMAN,SEC
JOSMAN,DÉCISIONS
JOSMAN,GOAL
JOSMAN,DORÉ
"GATO, BOOBA, BRAMSITO",PICCOLO
SELENA GOMEZ,BACK TO YOU
RK,MOSCOW
HORNET LA FRAPPE FEAT. NI...,SHEITANA
SUPRêME NTM,SUR LE DRAPEAU
HORNET LA FRAPPE FEAT. LA...,ROLLS
MHD,XIX
RK,QUI JE SUIS
KANYE WEST & LIL PUMP,I LOVE IT
RK,J'ME BALADE
RK,MON REUF
RK,DANS MA CHAMBRE
RK,#DANSLETIERQUAR (NANTES)
MHD,ENCORE
HORNET LA FRAPPE FEAT. HE...,MêME SECTEUR
RK,CRAMé
RK,24 CARATS
RK,TIERQUAR
LIL PEEP & XXXTENTACION,FALLING DOWN
KOBA LAD,OYé
RK,PAS LES MêMES
AYA NAKAMURA,CADEAU (FEAT. TIAKOLA)
AYA NAKAMURA,DADDY
KEKRA,INGÉ SON
AYA NAKAMURA,J'AI MAL (PT. 2)
AYA NAKAMURA,CHACUN (FEAT. KIM)
MISTER V,MATCH
AYA NAKAMURA,TOUS LES JOURS
"AYA NAKAMURA, MYKE TOWERS",T'AS PEUR
AYA NAKAMURA,BELECK
AYA NAKAMURA,COLLER
KEKRA,LAKEHOUSE
JOSMAN,PROBLÈMES DE RICHE
JOSMAN,LES FLAMMES
JOSMAN,50K?
ONE-T,THE MAGIC KEY
JOSMAN,CARLO
JOSMAN,P.O.V.
JOSMAN,YACHT & CHAMPAGNE (SKIT)
JOSMAN,COCKTAIL
LETO,DANS LE NOIR
JOSMAN,COTTON CLUB FREESTYLE (REMIX)
S.PRI NOIR FT. TIAKOLA,BONSOIR PARIS (MAMA NO CRY)
JOSMAN,À FEU DOUX...
ANGÈLE,LIBRE
NINHO,BINKS TO BINKS 7
ANGÈLE,SOLO
ANGÈLE,TAXI
JUL,MA CASIO
ANGÈLE,ON S?HABITUE
ANGÈLE,TEMPÊTE
ANGÈLE,PLUS DE SENS
IMAGINE DRAGONS,WRECKED
COLDPLAY,MY UNIVERSE
PLK,ON SAIT JAMAIS
KAARIS,DEUX DEUX
PLK,CHANDON ET MOËT
PLK,DANS LES CLIPS
KAARIS,SOSA
PLK,BÉNEF
KAARIS,RÉUSSITE
KAARIS,PIQUÉE
KAARIS,1ER COEUR
PLK,BILLET D'20
KAARIS,MANDALORIAN
KAARIS,ULTRA
PLK,POURTANT
PLK,TOUTES GÉNÉRATIONS
KAARIS,LUMIÈRE
PLK,DÉGAINE DE BANDIT
PLK,ALLELUIA
JUL,ÇA SENT BON
JUL FEAT. DORIA,TOI-MÊME TU SAIS
JUL,POUR LA STREET
JUL FEAT. NESSBEAL,RENTREZ PAS DANS MA TÊTE
JUL,EH OUAIS FILS
JUL FEAT. BIGFLO & OLI,QUE ÇA DURE
JUL,JE SUIS PAS TON POTE
JUL,BRAVO
LACRIM FEAT. SOSO MANESS,ALLEZ NIQUE TA MÈRE
JUL,J'SUIS PAS PARTI
JUL,C'EST UN BONBON
JUL,CONFINEMENT
JUL FEAT. MORAD,VATOS LOCOS
ANGÈLE,TU ME REGARDES
TK & GAMBI,STEVEZ
ANGÈLE,INSOMNIES
ANGÈLE,TA REINE
ANGÈLE,J'ENTENDS
ANGÈLE FEAT. KIDDY SMILE,QUE DU LOVE
LETO & GUY2BEZBAR,FAIS DE L'ARGENT
DADJU,KING
THE WEEKND,DOUBLE FANTASY
LOMEPAL,ETNA
LOMEPAL,50°
LOMEPAL,MALADIE MODERNE
LOMEPAL,LE MIEL ET LE VINAIGRE
LOMEPAL,CRYSTAL
LOMEPAL,PRENDS CE QUE TU VEUX CHEZ MOI
LOMEPAL,POUR DE FAUX
LOMEPAL,AUBURN
LOMEPAL,SKIT IL
LOMEPAL,SKIT LOST MEMO
BLACKPINK,SHUT DOWN
GALA,FREED FROM DESIRE (ALBUM VERSION)
"KABONGO-DJ, VEGEDREAM",MERCI LES BLEUS
MACKLEMORE AND RYAN LEWIS,CAN'T HOLD US (FEAT. RAY DALTON)
OXLADE,KU LO SA
JUL,AGHJU CAPITU
KAARIS & KALASH CRIMINEL,TCHALLA
JUL,LOVE DE MOI
JUL,BEUH À LA FRAMBOISE
JUL,TODA LA NOCHE
JUL,LE CHARBON C'EST LE CASINO
MISTER YOU,REDA
NIRO,REDA
"NICKI MINAJ, ICE SPICE, A...",BARBIE WORLD (FROM BARBIE THE ALBUM)
KENDJI GIRAC,POUR OUBLIER
JAZZY BAZZ FEAT. NEKFEU,ÉTERNITé
EMINEM FEAT. JOYNER LUCAS,LUCKY YOU
ZAZIE,SPEED
4KEUS GANG,VIDA LOCA
KOBA LAD,AVENTADOR
PEDRO CAPó,CALMA
HEUSS L'ENFOIRé,ARISTOCRATE
KAARIS,CHÂTEAU NOIR
HATIK,WAÏ
KOBA LAD FEAT. VALD,PAS DE REINE
KOBA LAD FEAT. PLK,OMAR
KAARIS,IRM
KOBA LAD,EN GROS
KOBA LAD,DANS L'AVION
KOBA LAD,5H55
KOBA LAD,CHAMBRE D'HOTEL
KOBA LAD,CITÉ
KOBA LAD,HELSINKI
KAZA,J'AIMERAIS TELLEMENT
RONISIA,ATTERRISSAGE
KOBA LAD,BEDODO
GEORGIO,QUAND TOUT S'ENFLAMME - SINGLE
RIM'K,METAVERSE
KOFS,LE FAMEUX
CALEMA,TE AMO
KOBA LAD,CRAMÉ
KOBA LAD,TUE ÇA
NINHO,KITCHEN
ZOLA,BOOSKA'STEN
NINHO,MAC 11
JUSTIN BIEBER & BENNY BLA...,LONELY
DADJU,ELLE ME DEMANDE
DADJU,VA DIRE À TON EX
JOEL CORRY FEAT. MNEK,HEAD & HEART
"MÉDINE FEAT. KOBA LAD, PI...",GRAND PARIS 2
NISKA,GIUSEPPE
HAMZA FEAT. SCH,HS
ALONZO,ASSURANCE VIE
LYNDA FEAT. DADJU,ADIEU
SAM SMITH,DANCING WITH A STRANGER
VEGEDREAM FEAT. JOE DWET ...,INSTAGRAM
KOBA LAD,R44
VALD,SUR UN NOUVEL ALBUM
VALD,UN MOT
VALD,REGARDE TOI
VALD,RAPPEUR CONSCIENT
VALD,JE RESSENS RIEN
VALD,HAPPY END
VALD,LAISSE TOMBER
VALD,BIEN SUR
VALD,QUI ECOUTE ?
6IX9INE & NICKI MINAJ,TROLLZ
BENAB,SOURIRE
EVA,MOOD
KAARIS,LIVRAISON
JUL,LA BANDITE
JUL,SALVATRUCHA
JUL,TOKYO
JUL,SOUS LA LUNE
JUL,BDG
JUL FEAT. HEUSS L'ENFOIRÉ,GTA
JUL FEAT. VALD,J'SUIS LOIN
JUL,PROFESSOR
JUL,HEY
JUL FEAT. TK,PAS DE LOVE
SQUEEZIE FEAT. JOYCA,BYE BYE
JUL,JE PARLE PAS CHINOIS
PLK,ARAI
PLK FEAT. MAES,CARTELO
PLK,NANA
NISKA,STOP
PLK,TRAVAILLER
PLK FEAT. TESSA B,TOUT RECOMMENCER
PLK,MEILLEUR CAUCHEMAR
NISKA,VALISE
GRAND CORPS MALADE,DERRIÈRE LE BROUILLARD
JUL,4 JUIN 2022
NAPS,SENSAS
NAPS,LA MAXANCE
S-CREW,MAUVAIS DANS LE FOND - SINGLE
JUL,TÉNÉBREUX
NAPS,BOGOTA
PLK,LES COMPTES
PLK,MAMIE
PLK,AU FOND D'MA TÊTE
PLK,CALME
PLK,TERRIBLE
PLK,3 EN 1
LETO,MÉLODIE
PLK,LA VIE C'EST MARRANT
LETO,100 VISAGES
HEUSS L'ENFOIRÉ,BX LAND 5
LETO,MOZART
LETO,TRISTESSE
TRAVIS SCOTT,K-POP
GAZO & LEVELSANTANA,DRILL FR 6
SCH,JE LA CONNAIS
MÅNESKIN,BABY SAID
"KALASH, DAMSO",I LOVE YOU
SHAY,DA
GREEN MONTANA,NEYMAR JR
JACK HARLOW,FIRST CLASS
DAMSO,OVEILLÉ
MAES,DRAGOVIC
MAES,ELVIRA
MAES,MÉMOIRE
MAES,POLICE
MAES,A CÔTÉ DE MOI
MAES,LES GENS DISENT
MAES,ETOILE
CHILY FEAT. KOBA LAD,TOUT EST CALÉ
MAES,MARCO POLO
MAES,CHROMÉ
SOFIANE,#JESUISPASSÉCHEZSO EP 12
EMINEM FEAT. JUICE WRLD,GODZILLA
ORELSAN,"LA FAMILLE, LA FAMILLE"
ORELSAN,ADIEU LES FILLES
ORELSAN,EPILOGUE (LA FêTE EST FINIE)
ORELSAN,MES GRANDS-PARENTS
ORELSAN,FANTôMES
ORELSAN FEAT. YBN CORDAE,TOUT CE QUE JE SAIS
ORELSAN,EXCUSES OU MENSONGES
ORELSAN,DIS-MOI
MYLÈNE FARMER,À TOUT JAMAIS
MIG,ENCORE UNE FOIS (MAMAN)
DOSSEH,"PLUS BELLE LA VIE, PLUS BELLE LA MORT"
JUL,BAÏLA
JUL,J'ÉTEINS MON TÉLÉPHONE
JUL,MA DROGUE
JUL,GIGI
JUL,SUR LA COSTA DEL SOL
JUL,FAUT PAS (EXTRATERRESTRE)
JUL,C?UR BLESSÉ
JUL,SOUS LA SIMOND
JUL,COMME AU BON VIEUX TEMPS
JUL,FLOUZ
JUL,AVEC JOSÉ
JUL,COURTOISIE
JUL,JE TE VEUX TOI
13 BLOCK,FUCK LE 17
MAES,NWR
NINHO,YO MOKO OYEBI
NINHO,BRANCHÉ SUR SNAP
NINHO,EDOUARD NAHUM
NINHO,RESPECT
NINHO,DANS LA PEAU
NINHO,PLUS QU?EUX
NINHO,GRANDS ENSEMBLES
MYLÈNE FARMER,L'EMPRISE
JUL,TROPICAL
SADEK,TP
SOFIANE & KAARIS,EMPIRE
VALD & SOFIANE,IENCLI
PLK FEAT. SCH,HIER
DADJU,SANS THèME
PLK FEAT. NEKFEU,WAOW
PLK,MONéGASQUE
"LANDY, KAARIS & SOFIANE",NOUVELLE MONNAIE
ANGèLE,NOMBREUX
ANGèLE,LA LOI DE MURPHY
KOBA LAD,MOMENTS DURS
CHARLES AZNAVOUR,EMMENEZ MOI
DADJU & SOFIANE,APOLLONIA
ANGèLE,LES MATINS
KOBA LAD,CHAMBRE 122
"Q.E FAVELAS, SADEK & GL",MAMAN VEUT PAS
SOOLKING FEAT. CHEB MAMI,ÇA FAIT DES ANNÉES
SOOLKING FEAT. HEUS L'ENF...,LA KICHTA
THE WEEKND,ALONE AGAIN
THE WEEKND,HARDEST TO LOVE
ARIANA GRANDE & JUSTIN BI...,STUCK WITH U
JOK'AIR,QUOI DE NEUF BÉBÉ
VALD FEAT. SCH,DERNIER RETRAIT
VALD,CE MONDE EST CRUEL
VALD,HALLOWEEN
VALD FEAT. SUIKON BLAZ AD,NQNTMQMQMB
VALD,IGNORANT
VALD,KESKIVONFER
VALD,POCHES PLEINES
VALD FEAT. MAES,ASB
VALD,PENSIONMAN
DTF FEAT. N.O.S,DANS LA VILLE
VALD,NO FRIENDS
VALD,J'POURRAI
VALD,POURQUOI
VALD,ROYAL BACON
VALD,RAPPEL
SCH,CERVELLE
DADJU FEAT. KOBA LAD,TPB
SCH,PETIT COEUR
SCH,ALL EYES ON ME
GRADUR FEAT. NINHO,BLH
LORENZO,POWER RANGERS
LORENZO FEAT. SHY'M,NOUS DEUX
LORENZO,MBK ROCKET
LORENZO,KEKCHOSE
LORENZO FEAT. RICO,VOYAGE AUDITIF
LORENZO,SEXTO
LORENZO,IMPEC
LORENZO,NANA
LORENZO,PARLER DE QUOI
EVA,BABY BOY
BILLIE EILISH,HAPPIER THAN EVER
LARRY,DOUBLE L
SHAKIRA,DON'T WAIT UP
MAES,DISTANT
DEAN MARTIN,LET IT SNOW! LET IT SNOW! LET IT SNOW!
LARRY,BLOCK
FRANGLISH/AYA NAKAMURA/HA...,DJO
SCH,DERNIÈRE LIGNE DROITE (FEAT. LAYLOW)
JOÉ DWÈT FILÉ,DÉLIRE
LIIM'S & GAZO,1ÈRE SOMMATION
GUY2BEZBAR,GUAPA
ED SHEERAN & ELTON JOHN,MERRY CHRISTMAS
ARIANA GRANDE,SANTA TELL ME
NINHO,LA ZONE
PLK & NISKA,ON SAIT JAMAIS
KAZA,PARE-BALLES
GAZO FEAT. HAMZA,DRILL FR 5
PLK & HEUSS L'ENFOIRÉ,CHANDON ET MOËT
CKAY,LOVE NWANTITI (FEAT. PRONTO & EUNIQUE)
NAPS,AVENGERS
GAZO,GROKUWA
NAPS,CHICHA KALOUD
NAPS,CHIRON
HARRY STYLES,LATE NIGHT TALKING
TIMAL,LA 15 (GSXR)
TAYC,SANS EFFET
ALONZO,CIAO LA FRANCE
ALONZO,PLAQUÉ 13
MENTISSA,ET BAM
JUL & SCH,MOTHER FUCK
CARBOZO FEAT. TIMAL,TIR DU BRAZIL
ALRIMA FEAT. HATIK,JUSQU'AU BOUT
ROBIN SCHULZ FEAT. KIDDO,ALL WE GOT
ALONZO FEAT. IMEN ES,DERNIÈRE FOIS
JOK'AIR,ELLES ONT TROP JOUÉ AVEC MON COEUR
S-CREW,N'OUBLIE PAS
S-CREW,ENCORE
S-CREW,CHEZ NOUS
S-CREW,MAINTENANT
S-CREW,MANQUE DE SOMMEIL
S-CREW,DRAP SUR LES OPPS
S-CREW,DONZOO - SINGLE
S-CREW,LA LOI DU PLUS FORT
S-CREW,OUAIS BOY
HAMZA FEAT. AYA NAKAMURA,DALE X LOVE THERAPY
HAMZA,VALIDÉ
HAMZA,AUDEMARS SHIT
HAMZA,50X
HAMZA,PARADISE
DABS FEAT. MAES,TES RÊVES
HAMZA,SOMETIMES
HAMZA FEAT. CHRISTINE AND...,MINUIT 13
HAMZA,RÉEL (FEAT. ZED)
HAMZA,PTSD
HAMZA,KEKE
HAMZA,SPAGHETTI (FEAT. GAZO & GUY2BEZBAR)
HAMZA,DON?T TELL (FEAT. HEADIE ONE)
MISTER YOU,LA COSTA
HAMZA,FAKE FRIENDS
NIRO,A QUI LA FAUTE
LETO FEAT. SDM,SUR LE BANC
LETO FEAT. TIAKOLA,GOD BLESS
LETO,187 MESURES (FEAT. NINHO)
"CASSO, RAYE, D-BLOCK EURO...",PRADA
"SOFTO, NINHO",MAUVAISE NOUVELLE
LETO,TOUTE ÉPREUVE
LETO,VOVO
LOMEPAL FEAT. CABALLERO &...,MONTFERMEIL
AYA NAKAMURA,CLAQUÉ
JUL FEAT. WEJDENE,LOIN DE TOUT
JUL,LA PHARMACIE
LANDY FEAT. NINHO,ENFANTS TERRIBLES
JUL,BROUNCHA
JUL,SOUS TERRE
JUL FEAT. NAPS,GUYTOUNE
JUL,SON EX
ALPHA WANN & NEKFEU,AAA
JUL FEAT. GAZO,DORS ON TE PIÉTINE
ALPHA WANN & FREEZE CORLE...,NY À FOND
JUL FEAT. ALONZO & L'ALGÉ...,HOLD-UP
JUL,UN AUTRE MONDE
ALPHA WANN,PHILLY FLINGO
NEKFEU,MALEVIL
LESRAM & NEKFEU,SAN ANDREAS
JUL,GUADALAJARA
BRENDA LEE,ROCKING AROUND THE CHRISTMAS TREE
"ALPHA WANN, KAARIS & INFI...",SOLDAT TUE SOLDAT
POUPIE FEAT. JUL,FEUX
HEUSS L'ENFOIRÉ & VALD,MATRIXÉ
JUL,JE VAIS PAS REDONNER
LANDY FEAT. SOOLKING,MA WERSS
JUL FEAT. LE RAT LUCIANO,COMME UN VOYOU
MICHAEL BUBLÉ,IT'S BEGINNING TO LOOK A LOT LIKE CHRISTMAS
ROMéO ELVIS,MALADE
SHAY,NOTIF
ZOLA,ZOLABEILLE
SAM SMITH & NORMANI,DANCING WITH A STRANGER
SCH,HAUT STANDING
PNL,COMME PAS DEUX
PNL,RYUK
PNL,BANG
PNL,SIBÉRIE
NINHO & NIRO,KIM JONG-IL
KAARIS,PENA DURO
STEFY DE CICCO,SUPERSTAR
JOSMAN,BRÛLE
JULIETTE ARMANET,LE DERNIER JOUR DU DISCO
TAYC,VA BENE
SOSO MANESS,DLB 13
BOOBA,PLAZA ATHÉNÉE
SOSO MANESS,TOUTE LA NOCHE
VALD,FOOTBALLEUR
ZOLA,FUCKBOI
ZOLA,MOJO
ZOLA,L1 L2
ZOLA,OUAIS OUAIS
ZOLA,7.65
ZOLA,EXTASY
ZOLA,JAMAIS
ZOLA,ASTROBOY
RK,CATALEYA
NINHO,VINICIUS
DRAKE,FAIR TRADE
DRAKE,CHAMPAGNE POETRY
DRAKE,WAY 2 SEXY
DRAKE,PAPI?S HOME
DRAKE,IN THE BIBLE
DRAKE,LOVE ALL
DRAKE,TSU
RIDSA,DéSABONNé
MOHA LA SQUALE,C'éTAIT PAS GAGNé
DADJU,REINE
MAÎTRE GIMS,CAMéLéON
JUL FEAT. SOOLKING,COME VAI
LOMEPAL,SKIT ROMAN
LOMEPAL FEAT. KATERINE,CINQ DOIGTS
JUL,JE VAIS TOUT CASSER
JUL,HALLELUJAH
LOMEPAL,SKIT MAMAZ
JUL,OH FOU
JUL FEAT. MAîTRE GIMS,MA CHéRIE
MAES,PLATINE O PLOMO
MAES,MARDI GRAS
MAES,PROFESOR
MAES,LE MAIRE
MAES,SACHET
MAES,T-MAX 560
MAES,ARGENT SAL
MAES,ÖZIL
MAES,BERLINE NOIRE
MAES,LOCAL
MAES,HYPOCRITE
MAES,LA PLANQUE
MAES,DE NIRO
MAES,QUOTIDIEN
KAARIS FEAT. SCH,CIGARETTE
KAARIS,CHIEN DE LA CASSE
KAARIS FEAT. MAC TYER & S...,BRIGANTé
KAARIS,DéVALISé
HEUSS L'ENFOIRé,HAKAN SUKUR
HEUSS L'ENFOIRé,G.M.T.B
KAARIS,MONSIEUR MéTéO
HEUSS L'ENFOIRé,SKCH
HEUSS L'ENFOIRé,BX LAND 4
DAMSO,MêME ISSUE
DAMSO,TARD LA NIGHT
NEKFEU,KEN KANEKI
NEKFEU,SOUS LES NUAGES
NEKFEU,ÉCRIRE
TIMAL,LA 11
NEKFEU FEAT. 2ZER & MEKRA,CDGLAXJFKHNDATH
NEKFEU,ENERGIE SOMBRE
NEKFEU,NATSUKASHII
NEKFEU FEAT. FRAMAL & DOU...,L'AIR DU TEMPS
LUV RESVAL,AZNVR
TRAVIS SCOTT,STARGAZING
KOBA LAD,HONEY
KOBA LAD,SUGE
KOBA LAD FEAT. BOLéMVN & ...,SEVEN BINKS
KOBA LAD,EVERYDAY
KOBA LAD,TOUT
CHARLES AZNAVOUR,LA BOHEME
KOBA LAD,RECUL
KOBA LAD,INTRO (VII)
CHARLES AZNAVOUR,HIER ENCORE
DAVID GUETTA FEAT. ANNE-M...,DON'T LEAVE ME ALONE
GAZO,JEUX DANGEREUX
GAZO,HENNESSY
GAZO,GRA GRA BOOM
GAZO,BOSS
GAZO,IMPACT
LANDY FEAT. HEUSS L'ENFOI...,ASSOCIATION DE MALFAITEURS
LANDY FEAT. JUL,CHASSE À L'HOMME
DINOS,PRENDS SOIN DE TOI
DINOS,DIPTYQUE
DINOS,MAMAN M'AIME
DINOS,JE WANDA
DINOS,93 MESURES
DINOS,DEMAIN N'EXISTE PLUS
DINOS,CÉSAIRE
DINOS,CIEL PLEURE
DINOS,LE NORD SE SOUVIENT
DINOS,JUDAS
13 BLOCK FEAT. MAES,RIINA TOTO
DINOS,MADONE
13 BLOCK,BABI
JOÉ DWÈT FILÉ,LA MÊME CHOSE
DINOS,CORBILLARD
LETO,PARIS C'EST MAGIQUE
MISTER YOU & MARWA LOUD,MILLIONS D'?
ROMÉO ELVIS,CHOCOLAT
KEKRA FEAT. NISKA,VRÉALITÉ
ROMÉO ELVIS,COEUR DES HOMMES
ROMÉO ELVIS FEAT. -M-,PARANO
GRADUR,MON BB
BOOBA,SIGNÉ
DAU,FINALE - NOUVELLE ÉCOLE
DJADJA & DINAZ,KHEMEM
ADEN FOYER,THE BALLET GIRL
BTS,BUTTER
SOFIANE,ATTRAPE-MOI SI TU PEUX
BARBARA PRAVI,VOILÀ
FREEZE CORLEONE,TÉLÉPHONE
JUL,IRRÉVERSIBLE
SOFIANE,CASE DÉPART
SIA & DAVID GUETTA,FLOATING THROUGH SPACE
DJADJA & DINAZ,ALPHA
DJADJA & DINAZ,FULL BLACK
DJADJA & DINAZ,J'CONNAIS
DJADJA & DINAZ,AVENUE
DJADJA & DINAZ,L'ESCALIER
DJADJA & DINAZ,MOI AUSSI
DJADJA & DINAZ,TOUJOURS LA MÊME
DJADJA & DINAZ,L'ESSENTIEL
AYA NAKAMURA FEAT. DAVIDO,GANG
SOOLKING,ROCKSTAR
SOOLKING FEAT. SOFIANE & ...,COSA NOSTRA
AYA NAKAMURA,DANS MA BULLE
SOOLKING,AMSTERDAM
LA FOUINE,AVENTADOR
SOOLKING,BAMBINA
SOOLKING,TATA
DTF,DANS LA SAVANE
MAÎTRE GIMS,C'EST QUOI L'DEL
EMINEM,THE RINGER
A BOOGIE WIT DA HOODIE,LOOK BACK AT IT
JONAS BROTHERS,SUCKER
LETO,BIG MEECH
LARRY,COLIS
LAETI,RIDER TOUTE LA NIGHT
LARRY,GOOSEBUMPS
GRAND CORPS MALADE,NOS PLUS BELLES ANNÉES
JAZZY BAZZ,ÉLÉMENT 115
JAZZY BAZZ,ALBICELESTE
JAZZY BAZZ,.RAW SPLEEN
JUL,LA STREET
TRAVIS SCOTT,GOOSEBUMPS
JUL,ÇA ME GUINTCH
KEKRA,PHÉNOMÈNE
GAZO,A$AP
JUL,LE CRÉMEUX
GAZO,GO
JUL,EN CHAIR ET EN OR
GAZO,TCHIN 2X
DADJU,PERDU
DADJU,TOI D'ABORD
DADJU,MÉMOIRE COURTE
DADJU,PAPA
DADJU,JURE-LE
JUL,CANETTE DANS LES MAINS
JUL,LE 100 LE 100
JUL,KONAMI
JUL,BEUH À LA NOIX DE COCO
JUL,CHOCOLATA
JUL,EH ÇA VA GUY
LORENZO,LE DARON
RONISIA,200 KM/H
JUL,HÉROS
JUL,C'EST PAS LA MAIRIE
JUL,CAMOUFLAGE
GALA,FREED FROM DESIRE
JUL,GRAZIE LA ZONE
JUL,MON C?UR POUR TOI
TIMAL,BRUCE WAYNE
TIMAL,LE SON DE MA RUE
TIMAL,ONE SHOT
TIMAL,INTERLUDE
TIMAL,JEUNES ET AMBITIEUX
AYA NAKAMURA,VIP
MARWA LOUD,GHIR NTIYA
NEKFEU,PARADIS ARTIFICIEL
MAES,MÉCHANT
P!NK,TRUSTFALL (THE REMIXES)
ALONZO,GUADALAJARA
"ÖWNBOSS, SEVEK",MOVE YOUR BODY
AYA NAKAMURA FEAT. LOREDA...,DJADJA
UZI,T'ABUSES
FRANGLISH,LA CALLE
WEJDENE,LA MEILLEURE
WERENOI,BANG
WERENOI,3X FILTRÉ
WERENOI,LES CODES
"SLKRACK, SDM",VIE
KUNGS,NEVER GOING HOME (LOST FREQUENCIES REMIX)
JSX,GTA (FEAT. BOOBA)
TAYC,DIS MOI COMMENT.
FRANGLISH,SANS MOI
DJADJA & DINAZ,PLUS FORT
VEGEDREAM FEAT. DAMSO,PERSONNE
YARO,MEC DE CITÉ
MISTER V,FACETIME
KAZA,3.5.7
MISTER V,TUDO BEM
MISTER V,VICE CITY
MISTER V,CLINTON
MISTER V,FEMME DE MÉNAGE
MISTER V,BOOGIE
MISTER V,VERT
MISTER V,MIAMI HEAT
MISTER V,LIDL
SCH,MAGNUM
SCH,NIOBE
SCH,MARGINAUX
SCH,OFFSHORE
SCH,TRANSMISSION AUTOMATIQUE
SCH,VIVIENNE WESTWOOD
SCH,83K
SCH,BLUE BAHAMAS
SCH,LILOU DALLAS
GRAYA,COUCOU
SCH,BLANC BLEU
SCH,ACTES
SCH,C?UR DE MÔME
"FRESH, SHAY",KOBE
DENNIS LLOYD,NEVER GO BACK
DAMSO,YOUVOI
BILLIE EILISH,YOUR POWER
NISKA,R.A.S
LYNDA,FINI D'ESPÉRER
"KALASH, NINHO",TENNESSEE
NISKA,SAL BAYE
NISKA,NUEVE
"NEGRITO, FRANGLISH",J'AI PAYÉ
FAVÉ,FAVELA
LOUANE,PARDONNE-MOI
AUPINARD,QUEL TYPE DE VIBE?
LEFA,MAUVAIS
ROMÉO ELVIS,DÉFONCÉ
ROMÉO ELVIS,CHAUD
FREEZE CORLEONE,SCELLÉ PART.2
FREEZE CORLEONE,TARKOV
FREEZE CORLEONE,STRETCH 4
FREEZE CORLEONE,BIG PHARMA
FREEZE CORLEONE FEAT. KAK...,PAS DE REFRAIN
FREEZE CORLEONE FEAT. STA...,NUMÉROLOGIE
FREEZE CORLEONE,CHEN LADEN
FREEZE CORLEONE,R.I.P. POP SMOKE
FREEZE CORLEONE FEAT. DES...,LOGO AUDI
SDM FEAT. KOBA LAD,TITULAIRES
"GATO,BOOBA,BRAMSITO",PICCOLO
BLACK M,CESAR
DINOR RDT,MEXICAINE
JASON DERULO X NUKA,LOVE NOT WAR (THE TAMPA BEAT)
LE CLASSICO ORGANISÉ,LES GALACTIQUES
NISKA,140G
BOOBA,LEO MESSI
NISKA,PARIS
LE CLASSICO ORGANISÉ,LÉGENDAIRE
LE CLASSICO ORGANISÉ,À LA RUE MARIÉ
NISKA,JOE PESCI
NISKA,CANELO
NISKA,LUNDI
NISKA,T-RAIN
LE CLASSICO ORGANISÉ,OH MAMA OH
NISKA,PARAMÈTRE
LE CLASSICO ORGANISÉ,QUITTE À LES DÉCEVOIR
LE CLASSICO ORGANISÉ,MAFIOSI
KENDRICK LAMAR,N95
KENDRICK LAMAR,DIE HARD
KENDRICK LAMAR,UNITED IN GRIEF
FREEZE CORLEONE,FRAUDE
KENDRICK LAMAR,FATHER TIME
KENDRICK LAMAR,RICH SPIRIT
NINHO,OUTRO (DESTIN)
DJADJA & DINAZ,CARRÉ D'AS
DJADJA & DINAZ,POUR LA MOULA
DAMSO,INTRO (QALF)
DAMSO FEAT. FALLY IPUPA,FAIS ÇA BIEN
DAMSO,THEVIE RADIO (INTERLUDE)
HEUSS L'ENFOIRÉ,L'ANCIEN
BOSH,TRIXMA
MADAME MONSIEUR,MERCY
CHILDISH GAMBINO,THIS IS AMERICA
SOFIANE,LUNDI
MISTER V FEAT. SAMY CEEZY,VIANO
MARWA LOUD,BILLET
DJADJA & DINAZ,J'SOURIS
TIMAL,ARRIVANT
DA UZI,MEXICO
MARK RONSON / MILEY CYRUS,NOTHING BREAKS LIKE A HEART
LETO,0.17
MOHA LA SQUALE,ON ROULE
RIM'K & DADJU,ROSE ROUGE
SNEAZZY FEAT. NEKFEU,ZÉRO DÉTAIL
"SNEAZZY FEAT. ALPHA WANN,...",ÉTINCELLES
KAARIS & KALASH CRIMINEL,APOCALYPSE
KAARIS & KALASH CRIMINEL,SHOOTER
KAARIS & KALASH CRIMINEL,C'EST NOUS LES O.G
KAARIS & KALASH CRIMINEL,LES ABYMES
RONISIA,NHA TERRA
KAARIS & KALASH CRIMINEL,TU DOIS DES SOUS
KAARIS & KALASH CRIMINEL,ANGLE MORT
FREEZE CORLEONE,SCELLÉ PART. 4
KAARIS & KALASH CRIMINEL,GOUDRONNE
KAARIS & KALASH CRIMINEL,SUR LE BANC
TRAVIS SCOTT,FE!N
TRAVIS SCOTT,THANK GOD
TRAVIS SCOTT,MY EYES
TRAVIS SCOTT,MELTDOWN
TRAVIS SCOTT,HYAENA
TRAVIS SCOTT,MODERN JAM
TRAVIS SCOTT,I KNOW ?
TRAVIS SCOTT,SIRENS
TRAVIS SCOTT,DELRESTO (ECHOES)
TRAVIS SCOTT,GOD'S COUNTRY
DADJU,CHRISTINA
VITAA FEAT. CLAUDIO CAPéO,UN PEU DE RêVE
MAES,MAMA
MAES,J'VOULAIS
MAES,LDS
MAES,AVENUE MONTAIGNE
GLK FEAT. NINHO,MAUVAIS
MAES FEAT. ZED,WEED
SHAY,JOLIE
MAES,ZIPETTE
6IX9INE FEAT. TORY LANEZ,KIKA
MAES,FUMER
"KING SERENITY, LOCKO, SER...",ALL FOR U (AMEYATCHI)
MÅNESKIN,SUPERMODEL
TIMAL,LA 10
MICHAEL BUBLE,IT S BEGINNING TO LOOK A LOT LIKE CHRISTMAS
IMAGINE DRAGONS,SYMPHONY
SDM,NOUS DEUX
KOBA LAD,CA IRA MIEUX DEMAIN
GLK FEAT. HEUSS L'ENFOIRÉ,WESH
PARTYNEXTDOOR & RIHANNA,BELIEVE IT
JUL,6.35
JUL,BEUH MAGIQUE
JUL,MEXICO
JUL,POW POW
JUL,CREMOSSO
JUL,SANTCHELITA
JUL,LA DOUDOUNE
"JUL FEAT. GIPS, HOUARI GP...",BOUGE-MOI DE LÀ
JUL,TEREZA
JUL,ROSÉ JETSKI PLAYA
JUL,"CASSAGE DE NUQUES, PT. 4"
JUL,TRAGIQUE
JUL,TRANSPORTEUR
JUL,TCHYCO
JUL,FINITO
JUL,G-SHOCK
JUL,JE M'ENDORS MAL LUNÉ
JUL,MENTAL D'OR ET DE PLATINE
DA UZI,JEUNE D'EN BAS (FEAT. NEKFEU)
DA UZI,27 (FEAT. FREEZE CORLEONE)
RIMKUS,SANTORINI
BRENDA LEE,ROCKIN' AROUND THE CHRISTMAS TREE
BOBBY HELMS,JINGLE BELL ROCK
ANDY WILLIAMS,IT'S THE MOST WONDERFUL TIME OF THE YEAR
MICHAEL BUBLE,HOLLY JOLLY CHRISTMAS
JUSTIN BIEBER,MISTLETOE
JOSÉ FELICIANO,FELIZ NAVIDAD
TINO ROSSI,PETIT PAPA NOËL
NISKA,TELLEMENT GANG
NISKA,J'SUIS DANS LES WAYES
NISKA FEAT. SKAODI,MANU LE COQ
NISKA,DES FLINGUES ET DES ROSES
HATIK,"1,2,3"
QUARTERHEAD,HEAD SHOULDERS KNEES AND TOES
LANDY,MA WERSS
JAWSH 685 X JASON DERULO,SAVAGE LOVE (LAXED - SIREN BEAT)
SCH,RAISONS
SCH,MAFIA
SCH,PLUS RIEN À SE DIRE
SCH,LA BATTUE
SCH,LE COUP D?AVANCE
SCH,GIBRALTAR
13 ORGANISÉ FEAT. LE RAT ...,TOUT A CHANGÉ
"13 ORGANISÉ FEAT. SAF, JU...",PARTOUT C'EST LA MÊME
13 ORGANISÉ FEAT. SAT L'A...,C'EST MAINTENANT
13 ORGANISÉ FEAT. THABITI...,MIAMI VICE
13 ORGANISÉ FEAT. KENY AR...,HEAT
"13 ORGANISÉ FEAT. TONYNO,...",LA NUIT
RK,BILLIE JEAN
